UserId;OwnerUserId;NbrOfUpvotes
;29428;3
;39442;3
;18189;2
;9988;1
;32220;9
;13727;68
;26854;1
;37626;5
;26562;64
;30292;5
;924;220
;27250;30
;947;26
;8820;576
;14578;80
;41487;2
;15766;18
;3360;11
;21254;16
;4621;36
;8145;5
;29109;4
;41482;3
;14904;215
;41240;1
;23679;7
;15664;14
;2452;313
;26629;4
;14360;19
;29451;3
;548;222
;37776;7
;8432;22
;27421;12
;8944;22
;1301;32
;32901;5
;41467;1
;836;607
;8498;4
;1256;36
;9420;157
;2513;26
;173;38
;41509;3
;38892;27
;41414;1
;41514;1
;25157;9
;31639;1
;22012;38
;15412;86
;2515;29
;30335;8
;41525;11
;30425;10
;31270;1
;27002;1
;20544;14
;33407;1
;39356;1
;15527;78
;14675;177
;38339;23
;32367;2
;41454;1
;38887;20
;41538;2
;41535;1
;24162;9
;2997;34
;33941;1
;28599;4
;41490;2
;33386;30
;9518;18
;37475;3
;28175;172
;28628;87
;16683;7
;381;414
;9793;6
;17208;56
;9123;85
;16853;64
;20589;1
;38506;7
;41557;4
;28965;12
;18375;11
;29781;9
;14519;74
;2723;85
;30507;6
;25226;1
;41580;1
;2932;55
;37571;6
;29473;2
;14955;1
;39569;1
;13132;8
;7848;17
;13709;1
;13772;3
;13623;1
;3044;28
;10663;9
;3024;27
;13120;3
;7980;8
;434;192
;2781;9
;11097;311
;12626;4
;13176;2
;9576;8
;2854;18
;2969;15
;5091;73
;13787;1
;12533;5
;1406;25
;8878;121
;10094;10
;26;149
;8478;10
;12473;144
;10620;34
;;202
;12611;1
;3054;16
;9893;2
;11072;1
;8729;2
;10549;1
;13889;3
;13905;2
;12876;17
;157;25
;609;81
;84;244
;13915;11
;13917;3
;12527;48
;10683;6
;13562;10
;14;117
;97;221
;13881;6
;13919;7
;10148;2
;5303;7
;8073;3
;10181;5
;1097;39
;989;104
;684;133
;13778;4
;2643;18
;13955;1
;10814;8
;12501;1
;8751;4
;462;20
;1077;29
;843;185
;12275;2
;227;130
;59;71
;118;45
;295;22
;508;13
;514;76
;290;10
;43;11
;5279;20
;454;19
;2699;7
;9768;11
;3609;8
;3514;4
;7842;7
;9370;7
;75;20
;8085;9
;2522;10
;1390;13
;13959;5
;9;54
;122;109
;172;84
;890;78
;2853;33
;12909;8
;8041;23
;9634;8
;5184;12
;90;15
;13978;3
;13296;2
;14009;3
;413;6
;7720;9
;108;192
;8843;5
;9966;10
;14031;1
;554;21
;7999;6
;14029;8
;14030;4
;14044;7
;14048;3
;13341;3
;2961;26
;158;89
;14053;2
;1279;147
;14059;7
;14050;1
;13481;10
;2471;33
;11021;1
;553;10
;229;14
;847;60
;12378;13
;10102;1
;12363;14
;3466;44
;5179;5
;12603;13
;10517;24
;5143;65
;14006;16
;1117;10
;2668;14
;2489;26
;791;22
;7966;21
;8113;7
;456;34
;743;13
;602;6
;6534;1
;8752;11
;199;25
;418;30
;11122;1
;13853;1
;14091;2
;3314;31
;3250;10
;21;210
;3211;6
;3430;17
;1306;6
;10465;2
;11110;2
;14112;7
;13447;1
;12206;39
;3159;14
;10694;3
;14137;4
;12776;5
;5316;8
;12515;124
;8409;32
;10938;14
;13680;3
;12469;3
;14154;4
;9035;9
;9540;3
;10171;3
;14167;9
;10131;2
;9941;6
;4719;15
;816;88
;8762;4
;5224;7
;9225;5
;14200;18
;4950;2
;3151;27
;378;8
;10816;10
;11074;7
;10384;7
;9314;13
;13596;4
;4737;6
;13450;23
;9587;3
;552;1
;842;9
;496;11
;2575;6
;4647;19
;11124;11
;3327;2
;5247;10
;8284;4
;12963;2
;721;50
;13498;1
;10391;2
;10470;4
;10479;2
;5043;35
;14218;1
;13583;1
;13390;4
;9663;7
;8482;1
;2576;40
;13274;1
;14231;1
;201;42
;1151;41
;6396;10
;8505;5
;14240;5
;10879;13
;11141;14
;11054;4
;13578;7
;13887;1
;10416;3
;178;63
;12335;2
;9388;5
;182;11
;525;11
;14023;1
;11077;4
;10560;4
;3030;2
;13891;18
;9052;2
;2725;13
;14258;3
;10846;5
;10884;3
;10881;1
;13413;47
;13574;2
;14267;1
;1138;33
;14268;1
;2648;4
;4619;10
;10327;13
;3550;6
;13593;3
;12356;3
;14293;5
;13123;11
;14294;1
;13543;2
;14327;1
;12490;9
;8320;19
;14339;4
;14341;2
;14340;3
;1319;4
;13000;1
;12798;9
;14320;9
;8774;25
;14357;17
;12801;2
;3457;3
;5342;14
;9943;31
;819;63
;10352;1
;14332;3
;13285;4
;12219;1
;14383;3
;2790;11
;14368;3
;7923;16
;12438;6
;13875;2
;14391;2
;14392;6
;14393;6
;14397;1
;262;9
;11029;1
;8088;4
;14381;2
;588;8
;12411;7
;14343;3
;1127;22
;14434;12
;8938;6
;14427;8
;14450;7
;14445;2
;14472;2
;9445;2
;14384;10
;12983;11
;13023;121
;14463;7
;12747;1
;13754;2
;13155;7
;14495;2
;12343;4
;13625;9
;13770;2
;14504;1
;8953;2
;14372;27
;12580;20
;7873;7
;14353;2
;14535;7
;14531;2
;14525;4
;3215;6
;10396;2
;136;35
;14556;4
;8110;7
;2433;20
;62;36
;10983;2
;5211;28
;478;37
;2567;5
;13896;4
;12806;1
;1155;25
;14885;8
;14533;2
;13736;47
;10446;2
;14596;1
;14586;19
;906;30
;8016;4
;984;78
;322;39
;780;58
;426;29
;92;52
;3294;13
;4808;19
;4730;8
;6391;31
;5203;11
;4933;6
;14604;7
;708;1
;8206;13
;13179;4
;12712;4
;14455;3
;1093;8
;2533;22
;14636;3
;11136;8
;838;13
;2728;2
;1237;15
;953;6
;14642;2
;12341;3
;14644;8
;9503;3
;12867;5
;14641;1
;14647;3
;802;37
;1350;8
;14656;1
;10123;2
;12189;2
;14660;4
;95;16
;14672;12
;9637;1
;9852;2
;7702;2
;941;41
;10437;1
;14667;2
;9003;2
;14673;2
;13011;2
;14681;1
;3347;3
;10024;8
;14588;10
;2981;1
;12960;1
;12931;1
;8643;8
;8465;19
;14698;2
;14694;2
;14665;6
;13100;47
;14566;4
;14674;2
;14716;2
;14715;7
;14714;1
;4811;2
;273;11
;58034;6
;50013;8
;52974;3
;68023;12
;12756;2
;27983;17
;78131;2
;50727;33
;64377;92
;75994;1
;33759;6
;69376;1
;68025;1
;69742;3
;76702;1
;47286;2
;61445;5
;13518;84
;85983;1
;18306;4
;78187;1
;80885;24
;87113;2
;82068;5
;87257;2
;18632;18
;9461;5
;24119;20
;86558;1
;60503;15
;87059;1
;40277;2
;86893;1
;71113;2
;86894;1
;84229;9
;27916;17
;5268;9
;44645;2
;9011;6
;62641;14
;83275;5
;87270;6
;358;8
;71219;18
;59553;1
;51090;1
;27129;9
;63346;2
;54395;31
;87214;2
;41968;2
;30238;4
;15250;6
;85747;1
;87284;3
;71442;30
;79588;1
;86934;1
;66029;5
;73505;2
;32288;7
;3070;12
;86182;1
;74118;2
;23240;36
;28916;1
;87274;1
;65131;25
;85232;2
;59087;5
;59951;1
;87109;2
;62938;7
;87289;2
;62846;8
;66483;1
;58433;7
;87297;1
;40949;49
;66068;1
;27844;1
;30693;2
;64876;3
;68988;1
;53582;1
;86571;1
;70031;1
;86954;1
;32884;7
;45821;3
;15064;46
;39811;8
;67328;34
;37932;9
;78392;1
;895;32
;30385;3
;87314;1
;40853;26
;46433;10
;53479;7
;15241;2
;10574;12
;46740;37
;34269;97
;67361;1
;30578;9
;84626;7
;55122;41
;14735;2
;14734;3
;14740;4
;2544;12
;3263;6
;14749;2
;14750;2
;14758;1
;14729;3
;2830;11
;6550;17
;14763;2
;7807;2
;1003;25
;9483;13
;13521;1
;13529;2
;8013;21
;10994;4
;10516;1
;13056;4
;14572;3
;14779;26
;13469;2
;14800;2
;9974;3
;543;3
;14812;3
;10894;5
;14808;1
;5053;3
;13508;10
;860;65
;793;104
;6465;8
;14852;3
;8960;10
;13103;6
;12613;4
;12290;2
;13416;1
;12384;47
;10462;35
;1367;22
;13648;1
;14898;20
;14900;1
;14906;41
;14175;5
;982;7
;11116;2
;14882;2
;797;6
;14913;26
;13392;1
;14910;2
;14909;29
;1426;19
;14925;6
;14695;4
;14934;1
;663;18
;2661;27
;2653;27
;4637;16
;63;15
;1147;13
;250;51
;96;13
;66;18
;1047;12
;14895;10
;14894;2
;14926;1
;3152;4
;14912;1
;12193;1
;14940;1
;7926;3
;7919;3
;1300;5
;14972;1
;14989;4
;4853;6
;14994;38
;10100;3
;14999;7
;15002;1
;13145;3
;15010;2
;12183;2
;15022;4
;1162;5
;15024;5
;14946;14
;12575;10
;6611;3
;10936;5
;15032;1
;12237;3
;15079;2
;15083;4
;14047;4
;15115;14
;1224;12
;1131;18
;15128;3
;14757;1
;2979;14
;12985;14
;15157;4
;15163;4
;10353;2
;15171;1
;15099;1
;15140;3
;15174;1
;15173;2
;15176;1
;13818;3
;15182;4
;15180;4
;4815;10
;15187;2
;13953;4
;12265;1
;2920;15
;15197;11
;15196;2
;15211;1
;2978;2
;12417;3
;15215;10
;2573;45
;7977;11
;15217;5
;8084;3
;8207;2
;14487;7
;15202;16
;14829;12
;15192;2
;3615;18
;9085;18
;14598;6
;964;39
;15230;7
;14789;7
;15233;3
;1330;149
;1125;6
;15244;4
;11142;4
;133;33
;2666;3
;6529;2
;14416;6
;15253;3
;15261;2
;837;1
;10245;1
;15281;1
;9197;13
;15293;1
;15303;8
;15308;3
;12650;2
;15306;1
;15311;1
;12858;11
;15315;5
;15324;4
;15325;10
;11044;33
;3167;20
;339;12
;2750;18
;14057;1
;13165;22
;88;36
;1244;7
;15348;2
;14560;15
;15356;5
;9684;2
;9448;1
;9880;1
;15373;1
;15372;6
;5138;8
;15393;1
;15398;3
;15402;11
;15408;5
;13354;1
;15410;1
;13441;2
;8152;6
;15420;2
;8030;9
;15430;7
;15361;26
;10975;1
;11146;1
;14903;1
;15469;22
;13457;7
;12882;1
;15470;2
;1193;17
;15456;1
;9670;2
;846;18
;1011;60
;15501;47
;1272;16
;10344;1
;8491;5
;11113;1
;15519;4
;480;3
;10513;1
;8969;1
;15533;26
;15148;5
;13809;25
;3433;5
;15090;5
;15552;6
;15543;6
;12184;2
;12328;1
;13384;1
;15422;1
;6451;4
;1315;14
;14390;2
;8842;4
;15536;1
;1273;3
;1399;6
;14684;19
;3498;8
;15595;3
;15599;1
;15604;8
;15609;6
;15613;16
;15626;5
;15617;8
;15631;2
;4620;4
;15620;5
;15656;12
;7738;8
;15663;3
;10584;4
;2724;10
;15686;1
;15445;3
;15638;2
;15715;3
;15720;2
;192;14
;9061;4
;15695;3
;15738;3
;10225;1
;15739;1
;15735;9
;15748;2
;5199;10
;12364;1
;6385;14
;8412;2
;9472;2
;13943;2
;13034;2
;15784;4
;15786;6
;15690;10
;9867;25
;15797;4
;15801;6
;8517;10
;518;8
;15756;2
;15790;3
;3361;4
;10523;4
;10701;2
;10365;2
;9436;1
;13106;1
;10255;2
;6608;4
;11066;2
;11080;3
;12612;1
;5227;3
;2987;2
;10415;1
;9511;3
;15847;7
;15861;1
;15768;4
;9186;12
;15885;2
;15879;2
;8240;1
;15908;4
;15871;3
;10500;3
;13688;2
;15921;2
;15927;20
;3591;15
;15931;2
;15930;1
;10463;2
;10506;1
;14617;2
;1242;11
;15946;7
;15167;1
;10865;3
;15955;4
;15942;2
;10427;2
;10524;1
;12785;1
;12377;16
;13046;9
;15984;4
;5144;11
;12663;1
;5027;3
;10568;2
;13484;1
;12807;1
;8650;4
;12932;1
;12619;2
;12614;2
;12597;1
;9050;1
;12586;2
;12350;7
;474;15
;15980;2
;14981;1
;14229;1
;16218;4
;10240;1
;16017;1
;16024;73
;16031;3
;16032;4
;16042;3
;16046;1
;16058;2
;16050;34
;16041;1
;9218;3
;16068;2
;12516;3
;13291;8
;16087;2
;710;11
;11098;4
;13175;1
;16097;7
;16096;14
;16103;2
;154;18
;2507;15
;5280;3
;6478;25
;12381;2
;15300;1
;15906;8
;16126;2
;16124;2
;16135;12
;9219;2
;16147;1
;16143;1
;13630;7
;13505;24
;16148;30
;16179;4
;1264;1
;16195;3
;16203;1
;15234;7
;12632;2
;16217;1
;16220;9
;16101;2
;16197;2
;16152;1
;16235;8
;8278;3
;16236;21
;16238;2
;10114;9
;16249;2
;16119;2
;8524;4
;9351;2
;16279;2
;16267;5
;9718;3
;16266;1
;16251;8
;16312;2
;14688;2
;8017;2
;16337;1
;16176;1
;848;1
;16294;2
;3169;4
;14652;2
;3052;8
;3108;6
;3053;2
;676;37
;16353;1
;16366;4
;1085;16
;16380;1
;14177;1
;13061;1
;16370;2
;10383;2
;16404;1
;14089;5
;16407;2
;16411;2
;8681;1
;8848;1
;4968;5
;10669;1
;16424;6
;16427;2
;10845;1
;4993;1
;16449;2
;16452;2
;16199;3
;16443;1
;7786;9
;5041;36
;3503;12
;10345;6
;13687;1
;16511;7
;283;8
;16520;1
;10314;1
;3551;2
;16528;1
;16538;10
;13515;1
;16540;1
;16542;4
;5301;3
;16548;2
;536;4
;16552;3
;16310;9
;12443;33
;9814;10
;16570;8
;3583;6
;5044;3
;2647;11
;3400;2
;9146;7
;292;2
;13067;1
;16614;1
;16558;7
;16556;1
;10990;6
;8948;1
;16640;1
;16612;3
;16661;1
;16665;2
;11007;13
;10277;3
;14310;6
;16693;2
;16692;1
;11027;4
;16465;2
;6412;2
;14313;25
;16680;6
;16677;1
;16712;3
;2861;18
;5306;5
;16723;1
;16735;4
;16743;2
;16753;11
;16754;1
;16764;7
;10907;3
;16530;1
;16749;2
;4887;3
;10487;2
;10836;2
;645;3
;10036;1
;116;20
;725;8
;10337;1
;10561;2
;9995;1
;12235;1
;1018;2
;15877;6
;16788;2
;16791;4
;12250;8
;2916;16
;16808;5
;1107;6
;1208;7
;8597;3
;9168;1
;9323;1
;9257;5
;4859;5
;9514;1
;2949;2
;5042;2
;9618;1
;4676;6
;5004;2
;2742;6
;12911;1
;8560;62
;16827;5
;16812;9
;16816;2
;16817;1
;16818;1
;16829;4
;1133;9
;16843;2
;2481;2
;16854;4
;13686;39
;16048;1
;10799;2
;10232;2
;3132;7
;13226;2
;9496;1
;16887;1
;9667;1
;9766;2
;16897;2
;9565;3
;16911;4
;16865;5
;16676;3
;16913;1
;16927;2
;16928;3
;16943;1
;16939;1
;15905;2
;5029;6
;16964;11
;3439;2
;16951;1
;15137;1
;16966;4
;16166;1
;104;13
;16977;1
;4724;7
;16870;1
;16992;1
;9774;8
;16170;1
;8626;1
;10751;5
;15366;1
;6403;15
;17006;1
;13643;1
;12241;8
;17022;1
;53;20
;208;8
;1015;4
;34;3
;289;21
;7818;1
;14876;1
;13957;8
;17047;4
;17055;2
;17085;5
;16972;3
;17081;1
;17045;1
;2850;3
;1387;10
;957;4
;36;19
;375;21
;10967;2
;17078;5
;17101;1
;10135;14
;2958;12
;13884;1
;979;22
;2817;6
;17149;1
;13417;4
;17159;1
;13855;1
;9992;2
;17176;1
;17177;5
;15933;2
;10275;2
;17181;1
;886;14
;889;8
;403;18
;968;3
;1029;8
;17222;4
;3592;4
;17231;2
;13154;6
;14007;13
;16284;22
;2504;9
;5177;5
;17250;13
;17256;2
;17239;2
;11121;8
;17267;5
;3507;3
;17302;5
;17309;3
;17308;2
;17305;10
;17313;2
;14542;4
;16774;1
;17315;3
;17332;2
;17324;3
;15693;5
;17359;6
;14654;2
;17360;3
;17344;1
;17381;2
;17355;8
;587;28
;464;3
;6644;3
;9569;1
;2972;5
;471;69
;17392;2
;7714;2
;17444;3
;17450;1
;8860;4
;15568;3
;17473;1
;17404;1
;17486;2
;17487;4
;14283;3
;17503;2
;17511;2
;10522;10
;17518;5
;9486;2
;17520;1
;17469;3
;9249;3
;8373;2
;7950;8
;17565;4
;17533;2
;17331;2
;17583;4
;15154;1
;17602;2
;17614;6
;17618;6
;17397;4
;17080;2
;17644;1
;17619;6
;807;1
;16872;2
;17535;1
;17659;3
;17660;1
;17119;1
;17663;2
;17670;3
;17571;3
;728;23
;17702;5
;16302;3
;17699;5
;17696;32
;386;14
;17752;2
;11034;2
;12859;1
;17757;1
;17766;2
;17776;1
;15569;11
;17780;1
;17781;3
;17784;6
;15762;4
;17795;2
;10834;2
;17806;17
;17809;2
;17815;2
;12947;2
;17828;4
;17841;2
;2726;6
;17290;35
;17034;1
;17877;2
;17116;26
;17886;1
;17888;1
;17899;2
;8275;1
;159;8
;5;10
;51;5
;22;14
;115;38
;132;5
;134;12
;151;9
;119;13
;64;7
;179;9
;189;10
;156;15
;113;22
;200;16
;70;7
;212;9
;180;7
;249;3
;275;7
;82;15
;71;5
;278;4
;265;2
;406;15
;432;6
;451;3
;463;5
;11;4
;531;6
;466;1
;498;1
;560;6
;534;8
;638;9
;555;16
;655;3
;524;2
;571;2
;680;2
;691;8
;574;8
;490;3
;737;10
;735;15
;733;8
;729;2
;801;3
;194;1
;839;7
;515;8
;872;6
;387;4
;900;6
;241;6
;913;11
;917;11
;908;4
;922;19
;986;8
;994;6
;944;3
;1004;6
;960;6
;1021;11
;1028;5
;985;4
;901;2
;1165;5
;237;4
;1163;11
;1174;4
;1096;1
;1207;3
;1206;4
;1223;5
;1240;4
;1176;1
;883;1
;1271;6
;1235;8
;127;3
;1283;2
;754;5
;1314;8
;1111;3
;1334;2
;1329;4
;1289;6
;786;1
;870;5
;1355;3
;1360;2
;974;5
;1386;3
;1379;2
;2443;3
;2458;4
;325;2
;131;6
;2600;2
;2604;6
;2614;7
;921;6
;1192;6
;366;3
;2702;4
;2711;2
;2511;9
;1220;2
;2744;5
;2787;4
;2792;4
;1241;13
;2798;5
;988;2
;2756;3
;1156;18
;2574;8
;2841;8
;1384;2
;2863;4
;2878;4
;2913;4
;2985;1
;3047;8
;3051;4
;2912;1
;3068;4
;3057;7
;3058;3
;1281;8
;3050;4
;3077;3
;3128;1
;2459;23
;3181;1
;2928;2
;3213;3
;3203;3
;2487;13
;2785;4
;3284;5
;3283;2
;3279;2
;3289;4
;3326;4
;3315;2
;3336;2
;3343;5
;-1;1
;2475;4
;3390;3
;3064;8
;3055;5
;3459;5
;3513;4
;3510;3
;3482;2
;3530;4
;3568;7
;3587;4
;24;5
;3605;3
;1048;9
;3259;1
;4618;3
;3540;6
;1154;2
;3244;2
;3504;5
;3328;3
;4679;7
;4717;9
;3223;5
;3443;2
;4705;3
;4668;2
;4774;6
;3411;2
;3281;13
;4760;5
;1057;1
;4736;6
;3577;2
;3580;2
;3596;3
;3539;2
;3506;3
;4824;4
;4813;3
;4839;2
;4852;1
;4821;2
;4897;3
;4907;1
;4836;5
;4947;4
;4974;2
;4967;3
;5021;1
;5019;3
;4999;2
;5012;1
;713;2
;2883;2
;3083;2
;5075;2
;5073;1
;5023;3
;5110;7
;5113;4
;4697;3
;5132;4
;4686;3
;4776;3
;4622;1
;5095;3
;5170;1
;5172;7
;5153;2
;5182;2
;3436;7
;5180;2
;4794;2
;776;1
;880;1
;5066;1
;3377;2
;4692;1
;3445;1
;3232;2
;3178;1
;2873;2
;5100;1
;5083;1
;5099;4
;5126;1
;5086;1
;5079;2
;5077;1
;5038;1
;4973;1
;4956;2
;4910;2
;4889;1
;723;9
;4804;3
;4800;3
;4662;5
;3598;1
;3526;1
;3499;1
;3473;1
;5214;1
;2599;1
;2923;1
;2948;1
;3133;1
;3216;1
;3321;1
;3325;2
;5219;4
;5241;4
;5185;1
;5266;6
;5265;2
;5263;4
;5249;3
;5273;3
;5290;4
;5283;5
;5298;1
;5310;2
;5198;1
;5165;4
;5332;1
;5314;2
;5356;1
;5369;2
;5161;1
;6387;7
;6418;2
;6419;3
;6469;3
;5175;1
;6506;1
;4711;5
;5246;7
;6523;1
;6559;2
;6568;3
;303;13
;5200;4
;6572;1
;6606;2
;6602;1
;6648;11
;6672;2
;6660;2
;6669;1
;6646;3
;6685;4
;6597;1
;7707;1
;404;5
;7713;1
;6682;1
;7715;4
;7719;4
;7722;1
;6496;6
;7723;1
;102;2
;7750;3
;7867;3
;7811;1
;7909;2
;7944;5
;7961;3
;7972;4
;7979;5
;7982;4
;810;1
;8003;4
;686;3
;5220;2
;6554;4
;8021;2
;8009;2
;8037;2
;7809;3
;7969;6
;8074;2
;5103;3
;8065;8
;8126;1
;6683;2
;8105;2
;8102;2
;8059;1
;3346;3
;8075;2
;8158;4
;4842;1
;8200;3
;7857;1
;8214;2
;8255;2
;8191;5
;8236;2
;8273;2
;5255;1
;8335;3
;8357;2
;8368;1
;8376;3
;8392;1
;8417;2
;8410;1
;7887;2
;8386;1
;8395;3
;8433;1
;8310;2
;8488;3
;8462;9
;106;4
;8344;3
;8318;4
;8526;1
;8516;1
;8547;3
;8540;2
;8249;2
;3556;1
;7960;4
;8076;2
;8389;2
;8609;1
;8610;1
;6576;1
;8686;1
;8689;1
;8714;1
;8710;5
;8777;1
;8792;9
;8734;3
;8800;4
;8869;2
;8849;1
;8644;1
;9015;2
;9033;2
;3417;1
;3317;1
;9054;2
;9125;1
;9167;1
;9246;2
;9236;1
;21024;70
;23283;20
;21473;3
;7763;5
;1368;6
;18790;4
;9465;40
;18001;4
;23301;1
;20789;1
;23304;2
;18540;50
;23187;1
;23264;1
;23330;3
;21377;3
;23332;5
;20926;4
;23262;10
;20372;23
;700;5
;17484;26
;22008;2
;20585;8
;23380;10
;18626;22
;10915;6
;18221;2
;13213;5
;3465;1
;23417;1
;23422;2
;21560;123
;23440;3
;18734;2
;23416;7
;23450;5
;23438;1
;23457;3
;18544;11
;23452;2
;21273;5
;23201;1
;16915;1
;23420;5
;17178;2
;23495;1
;23234;1
;23511;6
;19212;5
;21990;2
;23496;3
;17531;2
;21510;9
;23492;4
;23521;21
;21272;2
;10372;13
;18465;9
;15961;5
;21775;3
;23559;1
;20687;2
;13821;14
;23562;2
;10049;7
;18477;1
;21392;2
;23568;1
;23565;1
;23578;5
;17020;4
;23537;1
;13714;4
;23640;8
;18637;18
;23664;3
;13087;2
;21951;5
;20722;2
;23478;29
;21120;2
;7739;4
;8664;4
;13517;3
;23204;26
;16104;2
;23752;2
;22059;5
;23800;4
;17783;2
;23790;4
;21627;2
;17947;4
;12545;1
;19147;5
;23777;1
;23601;1
;23818;2
;23567;10
;23367;1
;23847;1
;23853;2
;20743;1
;23862;2
;21936;2
;21719;3
;23811;4
;20867;4
;23940;3
;23905;4
;23921;1
;23920;3
;10902;54
;18369;3
;23912;2
;23971;1
;23850;5
;21080;1
;21145;1
;24002;1
;24003;8
;23230;6
;9322;2
;17971;1
;23945;3
;22075;4
;20287;3
;14150;5
;18033;1
;24024;1
;15685;2
;16162;4
;23911;3
;24000;30
;20389;2
;24053;1
;23915;1
;23910;3
;24109;2
;18596;10
;21566;2
;16140;1
;23673;4
;24153;5
;17907;7
;16756;1
;20298;2
;11062;3
;19220;7
;18235;1
;18150;3
;20448;2
;24222;1
;20472;4
;9856;1
;24253;2
;20635;8
;24288;2
;21449;1
;18156;1
;20529;1
;17800;2
;19161;45
;24077;11
;20759;1
;24303;1
;12554;1
;24308;2
;24274;1
;18673;1
;17772;9
;24114;1
;24300;4
;17768;4
;23581;7
;24225;5
;24157;3
;24346;4
;23317;1
;24355;5
;21895;1
;24404;2
;24379;9
;24409;16
;18744;2
;24412;4
;24439;1
;13563;2
;24473;1
;24478;4
;21795;1
;24493;3
;21567;1
;24494;1
;18721;1
;21815;1
;20392;2
;24550;2
;23675;3
;16971;4
;20594;1
;9053;7
;24528;3
;23628;2
;20810;1
;24530;1
;21464;10
;24593;20
;24649;2
;12409;1
;24635;1
;19067;14
;23480;9
;21319;29
;18619;3
;24696;13
;23305;149
;21799;1
;21988;3
;24742;5
;15883;1
;19172;7
;15343;6
;24259;2
;24275;8
;24813;4
;9769;4
;12972;1
;24871;5
;10451;3
;17596;7
;24891;6
;19258;3
;24837;1
;12345;7
;21995;1
;24872;1
;18416;29
;17636;4
;21998;2
;24938;1
;24984;2
;24980;4
;24994;10
;23714;7
;21692;1
;13005;1
;9121;5
;18983;1
;24885;31
;24724;2
;24792;12
;25033;1
;18819;3
;24895;29
;19085;2
;25103;1
;25070;2
;25104;12
;24192;2
;25129;1
;25163;1
;9191;5
;25115;5
;25174;7
;24763;2
;20445;1
;15332;1
;8337;2
;21018;1
;17610;1
;25093;1
;9608;1
;24320;1
;25167;1
;25243;1
;25223;6
;24392;9
;25309;4
;18886;2
;24830;1
;23139;2
;18460;2
;23710;27
;13549;1
;25238;2
;25213;1
;25301;1
;19040;4
;25347;3
;17712;1
;25352;2
;25357;1
;21638;3
;25349;5
;18164;5
;23611;2
;25418;1
;21825;2
;25429;16
;25394;2
;25439;2
;25311;16
;20517;9
;25448;2
;25406;4
;6619;1
;25416;1
;20373;1
;25432;1
;20534;1
;25459;1
;14011;1
;21659;1
;19170;3
;25504;16
;13977;6
;25537;6
;5257;7
;23983;2
;25583;1
;25590;3
;23213;5
;25592;1
;25611;16
;25618;4
;14211;1
;25623;2
;25626;1
;21194;4
;25543;1
;21686;2
;25637;1
;16688;1
;21433;14
;13748;6
;20492;33
;25640;2
;25665;1
;25696;2
;25678;1
;9270;2
;25636;3
;25419;1
;25698;1
;13662;10
;24005;4
;17443;1
;12558;3
;25742;8
;10904;13
;5297;2
;25772;4
;25734;3
;20618;45
;20974;12
;14558;1
;9807;1
;25759;1
;24575;1
;25755;28
;25817;1
;25891;5
;9508;6
;25884;1
;18686;1
;25913;2
;25915;6
;9488;3
;7830;2
;25880;1
;25922;3
;25934;3
;25935;4
;25867;4
;25953;3
;25939;5
;25936;2
;17962;2
;25970;5
;23701;3
;1376;2
;17310;33
;17165;2
;25800;21
;21341;2
;25923;1
;6558;2
;26032;1
;25218;5
;26034;3
;26019;19
;24968;2
;18098;1
;25892;1
;24719;8
;21749;21
;17462;2
;12936;2
;26085;5
;26096;2
;26090;2
;25225;1
;24235;1
;25976;3
;26024;4
;12771;3
;18282;2
;14732;1
;26146;34
;26127;4
;4978;8
;26163;26
;26166;1
;26175;2
;25284;1
;26193;1
;25321;3
;18888;2
;26194;5
;26235;4
;26249;2
;26263;1
;26265;2
;21381;2
;21384;3
;26288;4
;26260;1
;26297;1
;18934;1
;26316;5
;26317;2
;9728;15
;23718;5
;13720;1
;26350;1
;13726;2
;26223;1
;21733;2
;26394;35
;26402;2
;17501;1
;23245;1
;26257;1
;26425;8
;26426;1
;26432;1
;26427;1
;26445;1
;26410;1
;25508;1
;26466;1
;26464;1
;26470;2
;26474;3
;26475;1
;26479;1
;26476;1
;21596;4
;484;3
;12215;2
;26515;1
;26211;3
;26535;1
;26528;1
;26202;14
;25359;6
;26579;5
;8232;2
;26519;5
;26591;1
;26575;1
;26606;2
;26612;1
;24526;4
;6567;4
;26596;15
;10155;3
;26635;3
;26643;4
;26675;4
;10156;1
;25289;6
;25837;5
;26659;3
;26701;4
;21702;2
;13027;2
;26477;2
;24913;4
;18058;2
;8501;4
;26751;2
;23097;2
;26408;2
;9577;3
;26799;5
;26810;1
;10972;3
;26775;1
;25217;7
;14707;2
;18682;1
;26872;12
;26869;1
;26800;15
;26881;2
;16201;1
;24245;2
;13235;6
;21525;1
;26896;1
;24201;2
;24945;3
;26902;3
;26141;2
;26917;5
;17497;2
;26955;4
;26956;2
;12786;6
;26858;1
;26976;2
;10992;4
;26724;5
;27000;2
;4953;1
;12595;1
;26999;1
;27019;2
;25766;7
;6536;1
;21462;3
;27066;3
;27010;1
;13152;1
;27093;1
;13391;1
;27135;13
;27094;2
;27121;2
;25905;3
;27172;4
;15056;1
;27196;5
;27202;2
;23574;1
;26413;1
;12280;2
;27194;5
;17368;1
;26856;10
;21713;1
;21608;44
;26415;3
;27229;4
;27279;2
;27003;4
;27303;2
;27309;2
;17978;2
;27313;2
;2454;2
;27287;4
;26939;3
;23761;1
;27334;2
;27321;3
;27330;4
;27356;3
;27197;2
;13002;4
;23109;2
;27360;5
;27200;1
;19255;5
;27420;3
;27335;1
;27432;19
;27436;3
;27453;2
;20933;4
;9278;1
;27533;1
;27426;20
;27540;2
;27559;7
;4695;1
;20600;1
;23997;2
;27450;1
;20768;1
;27506;1
;27567;4
;21044;2
;27581;5
;25792;1
;18139;2
;27551;9
;27614;5
;18429;1
;27626;1
;27627;2
;27607;18
;27566;1
;23195;1
;23159;36
;27632;6
;2975;6
;24682;3
;17435;1
;19054;2
;19065;2
;27682;6
;24996;4
;17169;3
;23633;1
;20978;1
;26050;8
;25153;1
;27712;1
;27706;2
;599;3
;18692;1
;27741;7
;19094;2
;27754;1
;27760;2
;27776;3
;27780;5
;27743;1
;25085;2
;27616;19
;27797;2
;26214;3
;27827;1
;27838;3
;27788;1
;27740;2
;27864;1
;21262;4
;27921;3
;16244;13
;23129;1
;27954;1
;27958;4
;27962;4
;27938;6
;27979;2
;27992;4
;27989;2
;27991;3
;24818;1
;26243;25
;28011;5
;12202;13
;28012;5
;8830;2
;23437;10
;27906;2
;28031;1
;28049;1
;28062;1
;28086;3
;25337;2
;28129;15
;25983;4
;28085;3
;14987;3
;24629;1
;27683;2
;28208;3
;28231;4
;28213;8
;28241;4
;28209;3
;77;6
;9690;1
;5380;3
;24215;4
;20951;1
;28228;1
;28251;1
;16211;1
;27943;2
;28293;2
;3255;4
;12903;1
;23120;5
;16590;4
;28234;2
;17960;1
;28111;1
;27974;2
;27347;3
;27868;1
;27107;2
;26334;1
;25236;1
;25681;1
;21086;1
;28328;10
;28344;2
;17536;2
;26907;6
;28222;7
;28384;7
;26870;1
;6514;4
;28449;7
;19014;3
;14136;1
;28446;2
;28450;3
;27973;4
;28475;2
;28473;3
;20884;3
;28482;2
;28502;1
;28488;1
;27544;1
;28521;1
;25741;2
;28528;2
;28544;3
;15464;2
;13406;3
;28581;2
;28587;1
;28598;1
;20945;3
;28586;1
;18452;1
;4770;1
;25945;1
;28522;1
;27579;1
;28665;2
;8819;1
;9616;1
;28669;2
;27231;1
;10291;1
;28714;2
;27704;2
;28746;2
;25295;1
;26967;1
;25992;1
;17003;1
;8005;2
;28802;1
;28815;3
;28812;5
;28834;17
;28807;4
;28842;2
;23614;4
;28883;2
;28904;1
;28922;6
;26709;1
;28941;3
;27724;1
;20308;1
;28986;1
;26797;3
;13232;1
;28938;1
;29007;1
;29015;1
;29026;3
;25308;1
;29054;4
;3299;2
;28864;1
;28934;2
;28809;3
;27854;2
;29073;1
;29083;14
;54096;7
;76626;1
;59229;5
;49226;9
;80069;1
;65767;24
;52291;12
;76779;10
;51714;29
;74267;1
;69822;16
;46982;1
;69470;2
;59160;3
;79690;2
;52428;7
;59136;4
;37979;3
;38679;2
;71952;13
;59142;18
;79801;5
;56930;2
;44456;51
;75098;1
;80150;2
;60937;3
;56354;2
;75152;32
;50449;11
;39845;2
;49700;25
;50919;3
;41929;11
;50307;7
;18249;4
;21394;1
;80168;2
;80166;2
;42792;2
;79516;1
;59488;1
;32492;11
;50534;9
;38626;4
;52494;2
;9724;3
;67240;1
;76811;1
;73209;2
;61883;3
;45505;1
;78269;1
;64596;5
;39706;5
;65027;6
;56655;5
;54509;3
;77162;4
;37184;53
;80187;1
;41728;21
;45182;4
;38307;2
;43294;34
;57724;7
;74989;1
;53357;16
;62990;2
;16212;4
;71477;3
;79782;1
;63096;4
;29587;112
;80202;1
;59697;2
;79362;1
;75738;6
;80221;12
;76530;2
;68230;4
;28385;2
;46688;1
;50247;4
;45264;106
;79163;1
;68927;1
;68132;1
;53679;1
;46123;1
;4683;31
;80272;1
;80266;1
;52852;2
;20429;12
;37924;4
;45726;3
;31846;30
;46885;1
;54115;10
;74339;1
;79333;1
;44537;4
;77900;7
;80264;1
;42069;4
;30668;3
;41047;14
;54277;3
;70006;2
;32860;15
;42325;5
;56593;2
;42242;1
;29865;6
;59139;1
;49590;5
;46886;3
;52089;25
;79882;2
;75145;1
;42926;1
;80317;1
;78515;1
;56927;1
;61563;14
;2893;9
;51209;4
;60288;2
;53812;21
;64856;2
;44139;20
;69535;1
;79723;1
;43455;5
;70000;1
;80363;2
;31434;39
;73134;1
;73441;3
;58789;9
;61253;10
;80252;1
;78739;2
;35386;2
;52109;10
;59227;2
;78443;5
;41985;2
;59193;3
;54845;1
;51467;4
;80380;4
;80338;1
;76777;1
;80396;1
;38734;1
;80325;1
;62762;3
;73609;6
;54648;2
;32311;3
;67070;1
;74855;5
;76202;5
;20766;6
;26444;5
;29430;2
;32243;7
;62192;2
;78627;1
;68357;1
;67175;1
;42519;2
;46374;2
;63800;1
;39461;8
;37046;2
;74110;1
;51129;20
;80335;1
;74946;1
;32711;8
;20655;2
;18516;1
;17959;3
;80467;1
;53083;2
;51836;8
;40388;2
;40391;1
;44401;3
;50406;24
;80471;1
;71218;6
;52212;1
;54167;1
;63999;2
;41397;2
;33335;1
;80497;3
;79966;1
;49852;4
;39011;1
;78207;4
;78637;1
;60879;2
;58135;11
;51516;1
;79504;2
;61645;5
;46703;1
;55027;1
;19056;4
;46143;6
;50365;2
;35679;9
;80509;1
;70307;1
;59712;1
;80520;1
;52350;1
;59279;1
;63444;1
;60629;1
;80282;1
;80195;1
;43000;11
;40361;2
;57853;1
;80535;1
;76917;1
;80106;10
;63753;1
;80390;1
;67755;1
;65371;1
;63654;1
;70509;1
;13672;17
;54992;2
;80563;1
;43921;11
;40424;1
;34033;6
;32697;26
;30641;2
;80582;2
;80580;2
;59385;3
;50146;20
;63253;2
;80598;2
;80601;1
;80599;13
;15897;2
;80604;2
;45507;16
;78059;2
;58104;1
;79636;3
;80615;4
;25183;2
;80595;1
;62867;1
;62664;7
;79994;1
;63813;1
;80636;2
;40480;1
;26788;1
;43870;5
;79728;4
;52588;3
;80553;1
;44673;1
;63968;2
;53575;5
;61634;5
;75473;2
;79499;1
;40540;2
;41886;24
;56981;9
;33194;2
;52816;1
;1247;1
;29606;2
;56854;1
;75232;1
;79195;5
;58209;3
;80665;1
;14625;2
;80030;1
;80570;1
;64760;3
;47149;2
;62889;1
;80241;6
;46756;1
;79602;3
;32459;4
;80685;2
;80688;1
;79434;1
;67135;5
;45166;27
;80700;2
;41843;2
;80712;1
;38306;6
;79104;5
;19275;2
;42531;9
;34165;17
;26409;4
;66220;1
;25426;6
;35420;15
;80506;4
;80721;1
;78966;2
;45374;9
;64042;8
;10430;15
;9575;1
;80751;1
;80750;1
;80748;2
;58743;2
;80740;1
;80737;1
;54246;4
;43605;2
;73387;1
;78277;1
;78535;2
;76794;1
;80759;1
;38657;21
;80757;1
;45768;2
;18247;3
;34036;11
;30982;2
;54846;2
;77981;7
;80774;2
;80727;1
;47474;1
;63565;2
;18055;1
;80782;1
;41771;11
;69171;1
;34324;3
;18513;7
;68766;1
;60648;1
;29169;7
;67483;1
;45076;4
;76741;2
;79915;1
;67537;7
;80776;1
;56380;1
;69958;1
;50833;35
;64953;11
;44477;4
;45385;6
;46527;10
;80746;1
;80804;1
;69646;1
;18418;17
;80808;2
;80494;2
;32550;1
;49624;2
;59783;1
;80816;1
;59446;7
;67050;2
;60621;2
;49119;5
;80829;1
;76137;2
;58736;9
;66633;1
;74660;1
;600;5
;41312;5
;53367;3
;49755;1
;80832;1
;66640;1
;31446;6
;43476;3
;58488;9
;65128;2
;77950;2
;51210;1
;20327;5
;46055;3
;80866;1
;21363;1
;56164;4
;80878;2
;50204;1
;63516;5
;23398;4
;80887;3
;76001;2
;76047;1
;44083;8
;71216;1
;44994;4
;38047;3
;60785;1
;45198;2
;60710;2
;66272;1
;80918;1
;73397;2
;41149;2
;52257;2
;53366;1
;80425;1
;80946;2
;80085;1
;68325;1
;33338;12
;43497;4
;71294;1
;62034;1
;57997;1
;80935;1
;61484;3
;61261;29
;60565;28
;80961;1
;80959;1
;64399;2
;53919;2
;80970;1
;51481;2
;43353;1
;80841;2
;52738;1
;58462;2
;42945;3
;51003;2
;18434;13
;66104;1
;80981;2
;80983;1
;80911;1
;80982;1
;41927;1
;47924;1
;65305;2
;79297;1
;51856;1
;82013;1
;82017;2
;57825;2
;33603;31
;69296;1
;50482;3
;47488;4
;33551;22
;76546;8
;77338;2
;33202;33
;14152;1
;74497;1
;43801;4
;16471;1
;49928;2
;82049;1
;82033;2
;80020;2
;82045;1
;32280;6
;79934;5
;26649;4
;21426;7
;47036;2
;82065;2
;45610;16
;69670;3
;41058;15
;52586;1
;50566;1
;68669;1
;29217;9
;82077;2
;58122;1
;35930;12
;30964;11
;47562;1
;35644;36
;66109;2
;77006;1
;41616;1
;61447;9
;65193;2
;58617;2
;32192;3
;24394;1
;41692;3
;82108;1
;82110;4
;13348;4
;36935;10
;59028;1
;71246;10
;78290;1
;54754;2
;82073;2
;82093;1
;81991;1
;29897;9
;53648;1
;12360;2
;43147;7
;68313;3
;68051;1
;64288;2
;45766;3
;78058;1
;80850;1
;73934;1
;45814;2
;79679;2
;82126;2
;32429;7
;43514;2
;71207;1
;10076;7
;82182;3
;61047;2
;57731;9
;82143;1
;82199;3
;82204;1
;79310;2
;29586;2
;68260;2
;52820;1
;61941;3
;79535;2
;79603;1
;867;2
;82217;4
;82030;1
;24703;2
;53127;2
;75897;8
;50355;1
;82223;8
;82218;1
;43193;2
;32988;1
;82212;3
;82084;1
;80406;5
;82167;13
;29575;47
;30567;3
;37059;9
;76245;1
;68136;3
;82242;2
;82236;1
;50828;9
;79160;1
;69174;1
;40515;10
;78116;1
;30810;6
;51541;6
;39830;7
;40240;1
;73195;2
;29911;5
;45852;3
;66736;1
;31179;2
;20596;1
;41297;6
;30986;6
;82288;2
;30359;9
;52960;3
;79176;1
;29182;1
;54028;1
;12496;4
;79124;5
;75553;1
;82280;1
;57889;2
;69842;1
;80285;1
;46305;2
;70999;2
;32045;8
;77992;1
;30048;4
;73766;1
;70832;1
;82313;1
;64025;1
;37063;4
;34037;11
;78365;3
;46537;9
;59601;5
;58685;5
;64425;7
;80795;3
;60379;3
;82303;1
;79357;1
;74003;1
;30435;2
;70073;1
;32020;1
;79226;2
;66117;1
;78945;2
;79037;1
;78088;2
;79877;2
;82373;1
;82363;1
;78582;1
;82344;1
;79227;24
;42974;2
;41629;2
;70910;1
;8723;2
;49932;2
;64533;3
;10640;9
;44357;6
;32169;12
;77148;1
;82395;5
;82308;2
;15828;14
;64363;3
;82405;3
;82407;1
;70546;2
;58097;1
;71197;2
;27665;13
;51878;8
;82272;1
;82397;6
;79328;2
;76436;1
;64577;1
;38663;6
;61418;30
;47371;2
;77843;1
;37986;13
;28780;1
;14145;5
;82445;1
;67779;1
;79648;1
;35645;2
;54580;4
;63464;3
;75507;1
;70169;4
;49068;1
;82459;5
;35631;8
;79114;1
;51044;1
;78749;1
;44204;5
;37532;3
;33135;4
;52981;3
;45907;9
;74397;1
;75980;1
;8841;2
;54944;13
;49217;4
;82088;2
;82510;1
;49952;2
;82528;3
;41658;2
;53019;2
;68137;1
;82533;1
;66656;2
;82518;2
;82529;1
;21471;1
;82543;2
;45177;6
;41000;1
;71987;1
;57521;1
;41266;1
;28937;2
;43318;1
;43541;2
;10588;4
;49456;2
;62528;6
;46413;1
;77938;2
;30099;4
;23470;1
;39599;1
;33499;5
;47533;1
;82582;1
;42171;3
;57862;1
;63282;6
;45217;3
;29714;2
;53418;1
;51659;2
;51822;1
;79945;1
;82614;1
;68171;1
;82620;1
;57688;9
;69644;2
;82609;1
;8338;4
;30635;1
;70995;1
;33970;5
;39198;5
;74846;1
;69963;1
;82643;1
;82655;1
;73315;1
;50402;1
;49697;7
;58384;11
;74313;12
;32916;5
;31260;3
;37567;1
;15518;4
;51839;4
;52890;1
;43768;2
;82653;1
;43200;3
;32902;2
;57056;1
;82714;1
;57368;1
;43706;1
;21690;2
;33784;2
;57429;4
;54292;2
;44256;16
;82686;3
;10947;3
;71213;1
;18129;1
;75867;3
;82762;2
;39513;4
;44074;2
;47724;2
;31027;1
;73476;2
;82722;1
;51216;1
;62646;1
;82708;7
;63011;2
;73757;1
;51937;3
;82793;1
;82797;4
;27369;2
;57082;6
;57178;3
;37664;2
;82782;1
;49780;6
;82834;1
;42299;1
;82841;2
;82842;1
;65381;3
;29206;2
;27526;9
;82847;1
;82854;4
;42722;2
;82859;3
;82861;3
;82815;17
;78362;1
;74012;1
;82603;1
;60636;6
;70382;1
;59868;3
;77360;2
;22080;2
;63554;2
;65698;4
;82641;1
;66901;1
;82895;1
;42904;3
;82837;3
;40879;4
;26847;1
;82905;1
;82826;3
;43215;3
;82659;1
;82452;1
;82921;1
;64940;4
;56522;1
;82542;1
;82922;2
;82778;3
;82913;1
;44287;4
;82933;1
;82336;1
;67106;2
;73259;3
;58083;2
;37793;2
;46624;2
;70614;1
;82962;2
;82577;2
;79186;1
;67412;2
;70094;1
;53994;9
;82979;2
;33738;9
;80072;2
;82146;1
;38538;6
;19058;4
;44768;2
;51244;1
;43441;2
;53157;1
;61809;1
;73592;1
;67743;1
;26181;1
;83031;2
;78472;1
;83051;4
;75528;3
;46272;1
;68232;1
;39331;8
;46200;2
;10548;7
;82960;1
;53760;3
;25409;3
;40951;12
;53006;2
;43077;29
;38271;3
;38261;1
;71581;1
;83097;1
;33966;1
;39234;4
;64230;5
;44039;10
;56922;5
;31086;8
;77351;1
;77817;1
;78223;1
;66194;1
;39934;10
;52755;2
;83125;1
;82927;4
;61414;1
;78165;1
;83098;1
;50363;5
;56152;2
;31810;6
;29064;4
;80271;5
;44015;1
;26121;6
;38608;10
;81995;3
;83121;1
;54953;1
;33272;6
;73999;3
;56960;3
;39644;1
;82195;2
;83143;2
;47600;2
;53453;5
;27768;2
;50870;5
;71677;1
;80071;3
;34204;8
;83129;1
;83158;1
;32875;3
;62515;2
;30928;26
;50405;3
;42681;2
;50925;2
;83185;1
;53025;3
;83155;1
;54236;4
;80660;1
;76883;31
;17916;1
;74354;1
;39751;1
;51724;2
;50863;6
;43777;1
;83207;2
;70145;1
;74279;1
;66037;1
;65323;1
;82726;2
;83229;1
;41807;9
;83227;1
;54503;1
;83240;2
;60894;1
;76134;1
;37395;2
;32042;4
;57545;2
;78870;2
;83246;2
;51369;5
;32908;2
;32745;2
;63239;1
;24220;2
;70098;1
;43590;1
;44683;1
;54229;5
;58283;6
;24651;3
;63906;7
;78126;1
;57416;43
;59429;1
;47653;1
;53075;1
;51431;2
;52599;3
;39338;3
;83273;1
;76212;1
;67605;4
;29134;16
;80761;2
;22074;1
;53283;2
;58933;1
;32913;3
;76032;1
;60292;2
;62097;5
;50256;2
;75056;3
;45184;2
;30376;1
;77531;1
;41602;1
;23556;1
;83361;2
;40665;9
;61225;2
;43108;1
;62752;2
;69498;1
;64998;1
;60907;1
;45616;1
;83378;1
;73367;4
;52719;3
;23469;1
;83438;1
;53411;1
;70342;2
;64138;1
;76948;2
;42498;2
;44808;2
;57108;1
;83422;1
;83193;1
;75198;1
;83473;2
;68392;1
;73845;2
;32071;3
;40959;1
;62054;1
;83488;1
;83514;1
;31384;5
;53959;1
;66177;1
;33025;3
;38815;2
;38818;1
;38791;2
;82632;4
;34116;11
;67219;1
;65776;3
;62086;1
;42819;2
;42825;2
;43645;1
;83534;1
;43808;1
;61352;1
;78035;4
;59045;2
;78585;4
;65244;1
;60902;5
;83589;2
;61843;2
;83584;1
;83578;1
;62048;1
;82809;2
;49278;2
;45756;2
;43525;1
;31457;3
;49017;2
;74281;4
;83613;2
;77170;1
;28951;1
;83618;1
;29891;1
;5055;4
;41617;1
;83627;1
;58350;1
;74002;1
;41663;4
;83656;1
;34017;2
;83663;3
;50739;3
;66759;1
;9253;1
;10216;4
;83699;1
;43878;3
;65655;5
;66003;2
;49704;15
;83403;2
;60945;2
;71383;1
;83486;1
;83725;1
;80398;1
;70243;1
;83730;2
;45191;5
;62920;1
;430;1
;83751;2
;83739;3
;83750;2
;66192;1
;67137;1
;44328;1
;56267;1
;49914;20
;83629;1
;51301;1
;58905;2
;47557;8
;63932;17
;29089;1
;30057;1
;78837;4
;68686;1
;31988;1
;83772;1
;65225;3
;38472;3
;54265;2
;83812;1
;56883;1
;50249;1
;83645;1
;73983;1
;41193;3
;77743;1
;83860;7
;74468;1
;65975;1
;71330;1
;74787;1
;83745;1
;69307;1
;83866;1
;75836;3
;33134;2
;68111;1
;68795;1
;10587;1
;49067;1
;42205;4
;83901;1
;83879;2
;83192;8
;63171;7
;60583;1
;79863;8
;45414;1
;83932;1
;61091;1
;71140;6
;25481;1
;80969;2
;79071;4
;30056;6
;44396;1
;37109;14
;44637;6
;31046;4
;53361;4
;78567;3
;44680;5
;83951;2
;83265;1
;71297;1
;56748;2
;16613;5
;40592;3
;83375;2
;46429;1
;74140;1
;84016;2
;70674;1
;69352;1
;4879;1
;64504;4
;32172;1
;49377;2
;52851;4
;28668;1
;44875;3
;78431;1
;9802;2
;53833;1
;43958;1
;58341;4
;74319;1
;60069;2
;50519;1
;59586;2
;46563;1
;73092;2
;49060;2
;56570;1
;84079;1
;84090;1
;66596;1
;39756;1
;51787;2
;40044;1
;57237;4
;34028;9
;31388;1
;38083;3
;42327;1
;84127;1
;83802;1
;38695;1
;52799;7
;19261;13
;31610;4
;66252;1
;75055;4
;53039;2
;45916;1
;32002;1
;34253;4
;52196;2
;67396;1
;65559;1
;83791;7
;83537;2
;70478;1
;83084;2
;75968;1
;79729;2
;73633;2
;39963;3
;63583;2
;75418;1
;28903;3
;33519;5
;84123;1
;84174;1
;45898;2
;52300;1
;37866;4
;84151;1
;84189;2
;53932;1
;84183;1
;31671;5
;84201;2
;73685;1
;57969;1
;38145;4
;44838;1
;13373;5
;84250;1
;30817;1
;78160;1
;78067;1
;84235;1
;83425;1
;23708;4
;77373;2
;42515;1
;69002;1
;83669;1
;17461;1
;49661;1
;70066;6
;35541;17
;84252;4
;59343;14
;33279;12
;62670;6
;45978;1
;71464;1
;84312;1
;79102;1
;84294;1
;38487;3
;33047;3
;35471;1
;83988;1
;27358;3
;31566;1
;75157;1
;47308;9
;84349;1
;84199;1
;83913;6
;37156;3
;84373;1
;84384;1
;27442;1
;84381;1
;33020;16
;31557;1
;50179;1
;84332;1
;84327;1
;45631;2
;75812;1
;71879;1
;69957;1
;59171;3
;84391;5
;84376;1
;83540;2
;84404;1
;84402;1
;66788;4
;84415;1
;70387;1
;24420;1
;84353;1
;84234;1
;65541;1
;56549;2
;47022;1
;57214;1
;84439;1
;32121;1
;27114;13
;84471;4
;84451;2
;84467;1
;21198;1
;84491;3
;84504;1
;73912;2
;83406;2
;40176;2
;23644;10
;49517;1
;60796;1
;46785;2
;73612;2
;84530;4
;79078;1
;66472;1
;69628;1
;73473;1
;57885;1
;28685;9
;58306;2
;51743;1
;3613;2
;76386;1
;43656;5
;84558;1
;84571;2
;84572;1
;73650;1
;84591;1
;27984;2
;61171;2
;84403;1
;71256;1
;84579;1
;30137;1
;84617;1
;32873;6
;63365;2
;69527;1
;63471;2
;78372;1
;69634;1
;49733;5
;33171;6
;28249;1
;71179;1
;84636;1
;38031;4
;35437;2
;78568;1
;77210;2
;67993;3
;84649;2
;84653;2
;37736;6
;63126;1
;84669;1
;82168;1
;82764;3
;31316;2
;42220;3
;58510;1
;67200;1
;59954;1
;74421;3
;19046;7
;4881;3
;53001;1
;84714;1
;84709;1
;84703;1
;84717;2
;17187;4
;52087;1
;84722;3
;84713;2
;84715;1
;61522;1
;21908;2
;70097;1
;75432;5
;52476;2
;60105;3
;46605;1
;51314;1
;84768;6
;74873;1
;62073;1
;47832;5
;84779;2
;84765;1
;68386;2
;14886;1
;76044;1
;84756;1
;84783;1
;32417;3
;13833;9
;75850;1
;84551;1
;75435;1
;67261;1
;30613;1
;38371;1
;70862;1
;54290;1
;12789;1
;52341;1
;84861;1
;30472;1
;43769;1
;50832;2
;84627;1
;32963;3
;51153;4
;83857;1
;46371;1
;84718;1
;52390;2
;66763;1
;21175;3
;84875;1
;77714;1
;82780;2
;64985;6
;41741;1
;80034;1
;66602;1
;68740;1
;84921;1
;84924;2
;40182;2
;63445;5
;2869;2
;41965;4
;38736;3
;73114;1
;75853;2
;84566;2
;35650;5
;84966;3
;63031;5
;76145;1
;78400;1
;67275;1
;84942;1
;84891;3
;50935;1
;84988;2
;80320;1
;38308;3
;37453;9
;85027;2
;64460;1
;31009;2
;66411;1
;73491;1
;84544;1
;38315;1
;61152;1
;41591;2
;43309;2
;69263;1
;78591;1
;39223;2
;78427;1
;29889;4
;53276;1
;61936;17
;83161;1
;84958;1
;44611;1
;61916;2
;50440;10
;56626;1
;66957;1
;9444;1
;84503;1
;85078;1
;85084;1
;85041;1
;85089;1
;31496;1
;18945;1
;32882;5
;85102;2
;54040;1
;71824;1
;85018;1
;57499;1
;35847;1
;16807;3
;73074;2
;84822;2
;85136;1
;38036;1
;76265;2
;75124;1
;85143;5
;85145;1
;49228;2
;38305;1
;32622;7
;56207;1
;85158;1
;82640;1
;67708;1
;85155;1
;70898;2
;85181;1
;85174;1
;74214;1
;85147;1
;66386;1
;83617;1
;29644;4
;66861;1
;67742;1
;85201;1
;81997;1
;51262;1
;43681;3
;85237;1
;42060;4
;67460;1
;61180;1
;50795;1
;43718;1
;52445;1
;31399;2
;25673;2
;27460;1
;61159;1
;51131;1
;46120;2
;52879;2
;54390;1
;60954;17
;61220;1
;42178;2
;57410;1
;52106;1
;61239;1
;38503;1
;61191;1
;39715;1
;50992;2
;44290;1
;47730;5
;30437;1
;37172;5
;61109;1
;61096;1
;61077;1
;49545;1
;61066;1
;61245;1
;59494;1
;59854;1
;42499;4
;27685;1
;57461;1
;45133;2
;31689;1
;58827;1
;47414;1
;43889;1
;47374;2
;58281;1
;54046;5
;59904;3
;40767;4
;47636;3
;60550;1
;61317;2
;61332;1
;44394;1
;57819;2
;61336;1
;60932;1
;44785;1
;49297;1
;42023;1
;32011;3
;32012;1
;10727;1
;61348;1
;61386;2
;60857;1
;52740;1
;61435;1
;43660;1
;21451;3
;16855;1
;61449;1
;57554;1
;57120;1
;52440;1
;50211;5
;49893;2
;42298;1
;33199;2
;31045;1
;30212;46
;57076;4
;31668;1
;61496;1
;42354;5
;61501;1
;61486;1
;52910;1
;61517;1
;39081;2
;15144;4
;60003;3
;61530;1
;31298;1
;56733;1
;26814;1
;61523;1
;58499;1
;61544;2
;59749;1
;34333;1
;61549;1
;61551;1
;61436;1
;40615;1
;61577;2
;61580;3
;61588;1
;61378;3
;61124;1
;61601;7
;30835;7
;57453;20
;61614;1
;56923;3
;61612;2
;46349;1
;61455;1
;21889;1
;61643;1
;53989;2
;53362;1
;37783;1
;61662;2
;47506;1
;43939;1
;61675;1
;39929;2
;60665;1
;61621;1
;32650;6
;39308;6
;61681;1
;61713;2
;56233;3
;30408;5
;31977;2
;46639;1
;61688;1
;37225;6
;61717;1
;29912;2
;58837;3
;17613;2
;61758;1
;59252;3
;40051;1
;33701;7
;31513;7
;46317;1
;57175;2
;46505;6
;61796;2
;61744;4
;61706;1
;61817;2
;37345;5
;33072;6
;21691;3
;9609;1
;37285;1
;31718;2
;57233;9
;61895;4
;53986;5
;56985;1
;61850;1
;29905;3
;61903;4
;61023;1
;61880;40
;58949;1
;43141;2
;9497;1
;31637;5
;37460;3
;61893;1
;33587;3
;43248;2
;60742;1
;42613;1
;51361;3
;57098;2
;45129;1
;40827;1
;9588;2
;4688;2
;51125;6
;51868;2
;50353;1
;32762;4
;61952;2
;37760;6
;61887;1
;49097;1
;50595;3
;39733;1
;61997;1
;34042;6
;60184;1
;32440;5
;41419;2
;51605;2
;28562;2
;41181;1
;50451;2
;7812;7
;57518;1
;60172;1
;21586;1
;52206;2
;62025;1
;61406;4
;9648;1
;62077;13
;44708;1
;62082;12
;57311;1
;61689;1
;61674;1
;23759;1
;62104;1
;62106;5
;62081;4
;35698;3
;20800;5
;46800;1
;62134;1
;37548;20
;21242;1
;53535;1
;31047;1
;26385;1
;59758;8
;62159;3
;21337;1
;57385;1
;61998;1
;23090;2
;31017;1
;30575;3
;49925;4
;29033;1
;57445;3
;39564;1
;61658;1
;30166;6
;42821;12
;54837;1
;60366;1
;57130;1
;61368;1
;60444;2
;59010;3
;31603;1
;17640;2
;62235;1
;42622;1
;62278;1
;16679;1
;58824;3
;54255;1
;62295;2
;57898;1
;20719;4
;53477;1
;62319;1
;33637;5
;45221;5
;51651;1
;45679;3
;28337;3
;39052;1
;58400;1
;62359;2
;62076;3
;41656;1
;62386;8
;62399;2
;62381;3
;13775;3
;62423;5
;37330;12
;62436;1
;62368;1
;61900;1
;62440;1
;62072;1
;54715;1
;62445;1
;53467;1
;61756;6
;62207;1
;62202;5
;52426;1
;54801;1
;61766;4
;57285;1
;59436;1
;62484;1
;31154;4
;56157;1
;31110;1
;62393;1
;47528;1
;62519;1
;54968;2
;62308;1
;32958;7
;59861;1
;60574;1
;32503;1
;60011;1
;41209;1
;52844;2
;43765;1
;62548;3
;29896;2
;62566;1
;45351;1
;33058;6
;62591;1
;62588;1
;62568;1
;62358;2
;62594;1
;46107;3
;34127;1
;34153;16
;62606;1
;46356;2
;62610;1
;62596;2
;43707;1
;61467;3
;61417;1
;39387;2
;60487;3
;46007;3
;59110;1
;23773;2
;33777;7
;59073;3
;57610;2
;62615;1
;48968;1
;62631;3
;62625;1
;29392;5
;58231;2
;35910;5
;43532;1
;47080;1
;49411;3
;8221;1
;59178;5
;30462;3
;49752;9
;54855;1
;35634;1
;32402;7
;45237;5
;58646;1
;29767;10
;29297;1
;24883;3
;62663;1
;62673;2
;28868;7
;59085;1
;33812;6
;24011;1
;30953;2
;32543;4
;61400;5
;40659;5
;31135;4
;28423;2
;50441;4
;57019;8
;59578;2
;59909;2
;41740;1
;62772;7
;59695;1
;62787;1
;35479;2
;59387;5
;57186;3
;58890;8
;62789;3
;53872;1
;34158;1
;51141;1
;59794;1
;58310;3
;51969;1
;47637;1
;62824;1
;30153;1
;43692;3
;62827;1
;32628;13
;57975;2
;31960;2
;47958;3
;57472;1
;13370;5
;62107;1
;62854;2
;44299;6
;47623;1
;52143;1
;47403;2
;23334;3
;59548;1
;9273;2
;33605;2
;59182;7
;57342;1
;62887;5
;62886;2
;46671;1
;62882;1
;33922;20
;44114;8
;32587;2
;49162;1
;61116;1
;43472;2
;46542;1
;62711;1
;62725;6
;59947;1
;53675;1
;57559;2
;23909;2
;43604;2
;61661;3
;52480;1
;50383;2
;45892;2
;37495;1
;16213;1
;62958;1
;37630;5
;17318;3
;46640;1
;63009;2
;53486;1
;45421;1
;61535;2
;63018;5
;63024;1
;47485;1
;50805;4
;54353;1
;57431;1
;49375;3
;57526;1
;54044;6
;51820;1
;57779;1
;28974;3
;50292;12
;49985;3
;47359;2
;62822;1
;52442;1
;49032;3
;63103;2
;55104;1
;41421;2
;62829;1
;62784;1
;63129;1
;63144;1
;63131;1
;63149;1
;35549;11
;60062;1
;33451;1
;31822;12
;63166;1
;23600;4
;18574;1
;34089;1
;63189;2
;2968;1
;41204;4
;53354;1
;32119;2
;811;2
;23138;2
;35718;12
;37698;3
;12866;4
;24180;1
;63287;1
;54667;1
;62189;1
;63324;1
;29412;2
;63328;5
;63335;1
;63304;2
;63262;2
;38917;2
;60532;1
;49274;1
;63337;1
;18843;6
;43048;2
;63374;1
;61696;1
;63378;12
;63388;4
;29353;2
;63022;1
;63004;4
;63336;1
;44624;1
;38692;2
;57006;1
;33138;1
;63425;1
;44701;2
;43534;1
;63395;1
;63430;1
;61080;1
;23865;2
;63427;1
;63434;2
;53731;2
;15496;3
;33323;1
;63377;1
;63020;1
;37088;1
;18665;2
;60262;1
;63449;2
;63466;1
;32189;3
;30544;1
;63237;12
;63487;3
;38377;6
;58849;2
;51916;1
;56654;1
;60224;1
;58653;1
;57129;1
;46315;1
;63545;1
;63549;1
;14070;3
;42094;1
;63570;1
;63398;1
;63536;1
;63561;1
;57254;1
;63594;1
;39110;1
;30406;1
;63600;1
;63610;1
;62151;1
;7922;4
;39854;2
;43144;3
;44989;2
;60640;1
;63629;7
;63655;2
;63644;2
;62469;1
;63602;1
;63462;2
;60782;2
;60108;1
;63196;1
;62071;1
;61844;1
;63390;4
;51007;1
;63548;1
;63582;7
;63315;2
;40426;1
;37648;2
;24858;2
;43962;2
;63681;1
;63701;1
;63736;2
;57813;1
;58629;1
;62046;1
;53943;1
;55142;1
;48992;1
;63652;3
;45827;1
;58449;1
;62053;3
;34134;1
;3599;1
;59518;2
;63725;1
;33838;11
;43474;2
;63838;3
;63834;1
;63609;1
;49884;4
;50274;2
;40139;1
;63578;2
;63869;1
;58841;1
;52531;1
;44189;2
;63867;1
;58549;1
;53468;1
;41674;2
;49112;2
;14403;1
;57493;1
;60026;2
;38842;1
;17330;1
;14518;1
;36977;2
;32926;4
;63952;1
;64002;1
;44305;1
;58507;1
;49944;2
;29645;2
;64011;5
;63851;1
;33326;1
;39289;1
;33704;4
;38379;10
;15711;2
;63865;1
;31180;4
;62083;1
;63840;1
;64046;2
;60417;1
;58812;1
;49782;1
;49031;1
;11061;2
;63217;1
;61034;1
;62432;1
;59362;1
;60702;1
;62587;1
;45107;1
;18315;2
;64023;1
;63527;1
;29882;1
;49293;2
;35613;1
;38460;4
;63489;1
;63871;1
;64106;3
;62051;1
;60869;1
;53790;2
;64107;3
;64099;1
;26748;2
;64072;1
;53543;1
;64126;3
;54836;1
;52840;1
;53106;1
;13237;1
;64165;2
;54343;2
;50622;1
;64185;1
;63856;6
;57939;1
;37808;1
;64112;1
;64188;1
;64215;1
;6598;1
;30229;1
;53169;3
;39851;3
;60762;1
;64244;1
;30121;2
;41024;1
;30170;3
;64247;1
;53818;1
;64276;1
;63717;3
;64228;1
;62984;1
;46348;1
;64302;2
;64310;1
;51506;1
;6433;2
;51309;1
;64323;2
;54541;2
;49951;1
;29788;3
;43268;1
;45432;1
;42275;1
;46358;1
;47467;1
;64200;2
;64339;1
;54468;1
;18916;11
;64356;4
;37590;4
;168;9
;64417;2
;27069;3
;64309;1
;245;2
;32196;3
;57548;2
;62700;1
;64449;1
;64452;1
;16401;1
;64464;1
;46936;1
;45389;1
;53279;1
;37814;8
;64498;1
;14421;1
;64513;1
;41185;1
;64549;1
;56521;1
;64553;3
;64552;4
;50866;3
;64572;1
;57842;1
;44789;1
;35795;2
;44004;1
;64580;5
;58413;1
;59693;4
;59706;2
;46980;1
;54670;1
;30189;1
;18227;1
;63924;1
;61027;1
;59711;1
;53857;1
;64385;1
;64593;2
;64604;1
;62598;4
;64588;1
;64603;2
;62052;1
;58451;2
;6458;3
;53278;1
;46487;1
;57871;1
;64151;1
;64609;1
;14207;2
;37461;3
;64631;1
;54271;2
;17423;1
;9847;1
;44350;2
;44101;1
;64626;1
;64654;1
;64657;1
;64621;1
;64651;1
;64669;1
;10127;1
;54552;1
;64562;1
;31627;2
;50478;2
;64652;3
;61790;3
;64655;1
;62950;1
;40687;1
;62942;2
;64700;3
;34053;2
;45183;1
;44319;1
;64301;1
;64717;1
;64715;2
;62987;1
;62998;1
;56246;1
;18179;3
;64744;1
;18893;1
;60992;1
;57994;1
;57454;1
;59742;1
;64775;2
;64643;1
;59004;2
;29842;1
;64500;3
;64758;5
;56947;1
;64789;2
;34110;4
;46375;1
;54713;1
;64793;1
;54756;1
;33441;1
;59517;1
;64795;1
;56503;1
;64805;1
;64797;1
;23731;4
;41750;1
;27537;1
;53325;1
;23144;2
;64828;1
;17539;6
;42255;1
;52678;4
;64854;3
;33934;5
;59916;2
;64867;1
;64865;2
;33531;1
;61816;1
;59101;1
;17329;1
;63169;1
;49628;1
;52418;1
;50993;1
;64889;3
;64895;15
;54310;1
;42044;1
;50852;1
;30959;2
;64910;5
;64908;1
;64913;7
;64594;4
;17054;2
;59538;3
;64370;1
;57250;1
;52595;1
;64923;1
;54828;1
;64969;1
;60554;1
;44012;1
;51282;1
;38582;1
;46869;1
;64830;2
;45411;1
;57925;1
;58747;1
;52971;1
;55049;1
;65009;4
;64966;1
;64294;1
;64386;4
;65004;1
;56414;1
;30754;1
;38678;1
;52207;1
;59785;2
;24790;3
;64599;1
;65039;1
;30006;9
;65022;1
;52902;1
;53140;1
;57664;1
;59583;1
;56881;1
;40736;1
;30914;1
;28542;1
;50829;1
;49426;3
;65052;2
;65055;1
;65044;2
;55100;2
;63631;2
;42726;1
;13603;1
;40407;1
;50539;2
;65073;1
;24158;2
;43061;4
;65076;1
;58155;3
;65038;1
;63540;1
;33137;7
;30360;1
;64628;3
;32872;5
;65090;2
;51362;1
;63718;2
;49826;3
;58391;1
;22039;1
;46351;1
;37899;3
;44714;2
;51083;1
;47858;1
;45064;1
;31948;3
;47783;1
;42903;1
;1284;1
;8262;1
;30392;2
;58411;1
;49583;1
;65144;1
;3085;1
;45845;1
;43458;1
;33110;2
;33668;2
;35919;3
;33716;10
;29806;7
;65162;2
;51499;1
;6571;1
;59615;1
;27251;2
;52310;2
;54017;1
;38735;1
;43495;1
;65173;1
;65172;1
;41219;1
;26109;1
;60001;1
;6488;1
;43996;1
;65157;1
;65147;2
;57571;1
;39590;1
;45804;1
;51652;1
;56707;1
;44429;1
;62018;4
;57632;1
;28977;2
;65228;1
;65217;1
;58977;1
;60139;1
;41755;1
;64973;4
;64781;1
;33447;2
;40800;1
;37796;1
;63649;2
;59855;1
;60051;1
;57780;1
;23580;1
;65300;1
;62926;1
;61964;1
;65319;1
;56955;1
;62565;1
;65331;1
;29771;3
;39993;1
;54671;1
;33510;1
;65274;1
;65372;1
;65374;1
;50932;2
;65384;1
;32167;1
;28832;2
;32083;2
;9584;2
;8986;1
;28600;5
;10861;2
;32215;4
;32230;7
;32198;1
;26608;1
;20524;2
;26058;2
;32284;1
;32292;1
;30107;5
;30071;1
;24795;1
;32314;3
;18501;3
;30036;1
;30038;1
;7829;4
;32343;4
;32357;5
;32360;4
;32373;2
;32359;2
;32379;4
;23377;1
;8313;1
;32398;4
;29116;1
;29931;3
;27929;1
;30344;1
;31038;1
;32521;1
;32535;1
;29223;6
;8237;1
;32546;1
;27641;1
;24386;1
;31676;2
;8370;20
;32595;1
;32580;1
;32602;4
;30527;3
;14738;3
;12177;1
;32627;2
;32619;1
;13182;1
;8784;1
;32554;2
;20779;1
;20374;2
;31216;1
;29277;1
;31556;1
;16129;1
;21090;2
;32701;1
;32508;1
;32690;2
;32588;1
;27702;1
;31245;6
;32177;2
;27966;1
;32723;2
;695;5
;30381;6
;23837;2
;26377;1
;21315;1
;24040;1
;32747;2
;26108;1
;15624;4
;30363;3
;32754;2
;32669;1
;32248;1
;32764;4
;31696;2
;32686;7
;32791;1
;32793;1
;32490;2
;32792;1
;27145;1
;32816;1
;31602;1
;31600;1
;31418;1
;12172;1
;13021;1
;32805;4
;32850;3
;17370;1
;32148;10
;32361;3
;32881;1
;32905;6
;17122;1
;21369;1
;32979;1
;8123;1
;32936;1
;32946;2
;33005;6
;12861;1
;13512;1
;28138;1
;32989;7
;30051;1
;31831;1
;33016;1
;29701;1
;33057;4
;33051;1
;3397;2
;33046;1
;9771;1
;8354;1
;26700;5
;28556;1
;14736;3
;9665;1
;33128;4
;33130;3
;33095;1
;33158;2
;33168;2
;33167;1
;30492;1
;28291;2
;33176;1
;33083;1
;31599;13
;33226;1
;32854;2
;31072;4
;33230;1
;33281;2
;32266;5
;33237;1
;20407;4
;26686;2
;29690;1
;33353;8
;33368;1
;30900;1
;33392;4
;26899;5
;33382;1
;33379;1
;33362;1
;32164;3
;33390;2
;33340;1
;33306;1
;33150;3
;33188;1
;33118;3
;33393;4
;30173;2
;33417;2
;21676;1
;18414;1
;31736;11
;29735;1
;20723;1
;18676;1
;6431;2
;33540;7
;33532;4
;33547;1
;33509;1
;33538;1
;33175;1
;33598;9
;33011;1
;29999;1
;33377;7
;32104;1
;33642;2
;33658;1
;33604;1
;33677;2
;33685;4
;33686;1
;33614;2
;33183;3
;14073;2
;33646;6
;13527;1
;33708;1
;9174;1
;13443;1
;33781;7
;9787;1
;3179;1
;30314;1
;14858;1
;33811;1
;33825;1
;33258;1
;33806;2
;33828;1
;33844;4
;33868;2
;21009;1
;33884;1
;32749;1
;33878;1
;33948;3
;28435;1
;33287;1
;32906;1
;33926;1
;33198;5
;33921;1
;33460;1
;33807;2
;32763;1
;33993;1
;33986;1
;32806;2
;31188;1
;33231;1
;34048;1
;10899;2
;25162;1
;34130;7
;34160;3
;34267;2
;10671;2
;34284;2
;34281;2
;28523;5
;34270;1
;27342;1
;34177;2
;34310;2
;17271;1
;30935;1
;35384;2
;29208;1
;35399;1
;26105;2
;35414;1
;33907;4
;18641;1
;35481;1
;31563;1
;35468;1
;35491;2
;32374;2
;35484;1
;35449;2
;26559;1
;33544;1
;32157;1
;18557;1
;17771;1
;35472;1
;33841;1
;35512;2
;21352;1
;35521;1
;35508;4
;26329;3
;35562;1
;35542;1
;24405;1
;35570;1
;31889;1
;33018;3
;18588;2
;35405;1
;35663;1
;33453;3
;30536;7
;35697;1
;35714;2
;35716;3
;35751;1
;35764;2
;35772;1
;31311;2
;26125;3
;35746;1
;29580;2
;35812;3
;35817;4
;35816;3
;33530;2
;35829;2
;35738;1
;12285;1
;35872;1
;17538;3
;35496;2
;36958;2
;32947;2
;28849;1
;30464;2
;37020;3
;31570;1
;27371;1
;36971;2
;6477;1
;34075;1
;37024;1
;37044;1
;37054;1
;29695;2
;16922;1
;37116;1
;19101;1
;37132;1
;32757;1
;37149;1
;13385;1
;37153;3
;14301;1
;37186;2
;26239;1
;37200;1
;37196;1
;32661;2
;35902;2
;37221;1
;37258;1
;37259;1
;28584;1
;37164;1
;37187;1
;37169;1
;37128;1
;27226;1
;37262;1
;37280;1
;29841;1
;37298;2
;3546;2
;31775;1
;32877;1
;33242;6
;37346;2
;34090;1
;37301;1
;37014;1
;37380;1
;12294;1
;37300;4
;37432;1
;37406;2
;37455;4
;37278;1
;37483;4
;37471;2
;37484;3
;37499;1
;37512;2
;32637;4
;37516;1
;17957;1
;37539;3
;37544;1
;29805;1
;35917;2
;33567;1
;37549;1
;27171;1
;24759;1
;3101;1
;18722;1
;31307;1
;37584;3
;29864;1
;37604;2
;19000;1
;1409;1
;29204;2
;37546;1
;9362;1
;19177;1
;37658;2
;28572;1
;37665;2
;37680;2
;37510;4
;31391;1
;37715;2
;33429;1
;37739;1
;37752;6
;37771;5
;37747;1
;37770;1
;37727;1
;37811;3
;37810;3
;37804;2
;37716;1
;29345;1
;37678;2
;29900;1
;37794;4
;33476;1
;37847;1
;37845;2
;37831;1
;37786;1
;18818;1
;29397;1
;37883;3
;33816;1
;24657;1
;37915;1
;37921;2
;29157;4
;37898;1
;37775;2
;37934;1
;35597;3
;37977;1
;37397;1
;37984;1
;37629;1
;28716;3
;35587;1
;31456;2
;12942;1
;38003;1
;37991;1
;37999;1
;37996;1
;33298;1
;33404;1
;38019;1
;13254;1
;34223;1
;38032;2
;37363;2
;38086;1
;37827;1
;23402;2
;38098;4
;38091;1
;38105;3
;38096;5
;38089;2
;38118;4
;38110;1
;38112;2
;38101;2
;33312;2
;38154;1
;37952;3
;38107;1
;21195;1
;38216;1
;38202;2
;8754;2
;38078;2
;33643;1
;33609;1
;33160;1
;38234;2
;38231;1
;29511;1
;21573;1
;20704;1
;38136;4
;38257;1
;38188;1
;38272;2
;38291;2
;14517;1
;38284;2
;12497;1
;27824;2
;33466;1
;32424;3
;38302;2
;38322;1
;38213;1
;10832;3
;38385;1
;28317;1
;38426;2
;38395;9
;38436;1
;38438;1
;38440;2
;38439;2
;38467;1
;38429;2
;38492;2
;38446;2
;16581;1
;38419;4
;38523;4
;38527;1
;12448;6
;38476;2
;38550;1
;8995;2
;30397;1
;7952;1
;33221;1
;38583;1
;38593;2
;10810;2
;38581;3
;13618;4
;37217;2
;37118;2
;33352;1
;4841;2
;33886;1
;38637;2
;10272;1
;38355;4
;38703;1
;9521;2
;38704;2
;38717;1
;38314;1
;38673;1
;38739;2
;38758;1
;38790;2
;31776;1
;38767;1
;41777;1
;30210;1
;47331;1
;47568;3
;21163;6
;46628;1
;21767;2
;37822;6
;29824;1
;31874;1
;47659;1
;13201;1
;47677;1
;43592;1
;47687;1
;43384;1
;46805;1
;37507;2
;47425;1
;47739;4
;47766;3
;39661;1
;23285;1
;40694;1
;9595;1
;47792;2
;44760;1
;47290;1
;33728;1
;47473;1
;44484;1
;47802;1
;47816;1
;47835;3
;47842;2
;37045;1
;41849;1
;47882;1
;25188;2
;47844;1
;47883;1
;47675;6
;45336;1
;46754;7
;47923;1
;43469;5
;21707;1
;47630;1
;47242;2
;47959;1
;19278;1
;40760;1
;20920;1
;47867;2
;30903;1
;48997;1
;47728;1
;46127;1
;47948;3
;38510;1
;40010;1
;46242;2
;49049;1
;9654;1
;49061;3
;2673;1
;49072;1
;47869;2
;43387;1
;49088;4
;49027;1
;49092;1
;49095;1
;49109;3
;49113;1
;21232;3
;45999;1
;46981;1
;49137;2
;17904;1
;27519;1
;21662;1
;27108;2
;49105;2
;16368;1
;49114;1
;24532;1
;44064;2
;30227;1
;49259;1
;45360;1
;44623;1
;32130;2
;40413;1
;40180;1
;46493;1
;45603;1
;46490;2
;46587;3
;49290;4
;49058;1
;16338;2
;49358;1
;30709;1
;49177;1
;20703;1
;49382;1
;40217;1
;29025;1
;43511;1
;47750;1
;44861;1
;45123;1
;47561;2
;49461;1
;33092;1
;18903;2
;45809;1
;49477;2
;44660;1
;46731;2
;24887;1
;30182;1
;46766;1
;44089;1
;47795;1
;39107;1
;49535;1
;45077;1
;49556;1
;49354;2
;47270;4
;49598;1
;49577;1
;49617;3
;42248;2
;49572;2
;45216;3
;49648;4
;46454;2
;46920;1
;49665;2
;49667;2
;45431;1
;29752;2
;49571;1
;43770;2
;49306;1
;39533;1
;49699;2
;47380;1
;1424;1
;49731;2
;49454;1
;42074;1
;49779;1
;30459;1
;49781;1
;49770;6
;49808;1
;49814;1
;49762;1
;33856;2
;49835;1
;49832;2
;49787;1
;41626;1
;43967;1
;29010;1
;47255;1
;46313;1
;49861;4
;31063;1
;45663;1
;31208;1
;47215;2
;46674;1
;47570;2
;49922;2
;49937;3
;29314;1
;40740;1
;49963;7
;49501;1
;49899;1
;37268;1
;47497;1
;37113;1
;49980;1
;35503;1
;50007;1
;17036;1
;50030;4
;47569;2
;50038;1
;47465;1
;50021;1
;50056;1
;46464;1
;47282;1
;46488;1
;50069;1
;50102;2
;25297;1
;45086;1
;31443;3
;49685;1
;50143;1
;50106;1
;42473;1
;50145;1
;50154;1
;50158;1
;50162;2
;50077;2
;46891;1
;39501;1
;49886;2
;40370;1
;21281;1
;18246;1
;29576;1
;50155;1
;50192;1
;26083;1
;50221;2
;50223;1
;40891;2
;49537;1
;46700;1
;50242;1
;50238;4
;44389;3
;50262;4
;50273;1
;38368;1
;22034;1
;50300;1
;20590;2
;12492;1
;26752;1
;50275;1
;50312;2
;40029;1
;50325;2
;45136;1
;50269;1
;50352;2
;45262;2
;15384;1
;50354;3
;49569;1
;31182;1
;49268;2
;47442;1
;50391;1
;44044;1
;50315;2
;26882;1
;50403;3
;47676;1
;50394;1
;50429;2
;47670;1
;50428;3
;49833;1
;29801;1
;50419;1
;42889;1
;47698;1
;49008;1
;49758;1
;50433;1
;16647;1
;39708;1
;29916;1
;50217;2
;50074;1
;32116;1
;14265;2
;44998;1
;4855;1
;32623;1
;50492;1
;50471;5
;50494;2
;15127;2
;41350;2
;50491;1
;50489;1
;50473;1
;50506;2
;50515;1
;50528;3
;50507;2
;50531;3
;26674;6
;31006;1
;50535;3
;50533;1
;46186;1
;43575;1
;50556;1
;50563;2
;3357;1
;50574;2
;50584;1
;35596;2
;30149;1
;40123;2
;50599;1
;50602;3
;50570;2
;6667;1
;50544;2
;50605;3
;50603;1
;17000;2
;2840;1
;50625;5
;4767;3
;15381;1
;50634;2
;50638;1
;50627;1
;41051;1
;50641;1
;50619;1
;50647;1
;50664;2
;42634;2
;33854;1
;50532;1
;50669;2
;50674;4
;50689;1
;50703;1
;47412;3
;50338;1
;50720;1
;43732;1
;49036;1
;50706;1
;50732;1
;30094;1
;39580;1
;47649;2
;50765;3
;50768;3
;46645;1
;50746;2
;39820;2
;45420;1
;42831;1
;50809;3
;50810;1
;50820;1
;30697;1
;8528;1
;44215;1
;39477;1
;50862;3
;45267;1
;17794;1
;11033;1
;46782;2
;50869;2
;49441;1
;50893;1
;49678;1
;50899;2
;50913;2
;50685;1
;50900;2
;50885;1
;37585;1
;50917;1
;50864;1
;50907;1
;40162;1
;10346;1
;39423;2
;27873;1
;50939;1
;50945;1
;34002;1
;50946;1
;46652;2
;16879;1
;44985;1
