UserId;OwnerUserId;NbrOfFavoritevotes
41478;9988;1
41479;2653;1
29781;32220;1
40827;15664;1
29781;38744;1
29781;26163;1
29781;2661;1
41478;8944;1
16079;37548;1
29781;8944;1
31219;41460;1
31219;6465;1
41260;793;1
39517;33386;1
28821;12202;1
41514;16031;1
41514;10943;1
39149;30227;1
41564;8409;1
41567;29415;1
41573;27854;1
9211;8820;1
29781;2723;1
27830;20544;1
9812;434;1
13805;97;1
13844;989;1
2723;2723;8
13843;10314;1
13843;434;1
13145;2723;1
13871;3167;1
13904;895;1
2781;157;1
13123;13905;1
8338;13905;1
13562;1097;1
10620;13891;1
13123;3024;1
13942;378;1
13920;84;1
13920;12364;1
5177;13891;1
13901;793;2
10273;496;1
7705;2723;1
7705;227;1
10620;13959;1
7705;10994;1
545;13959;1
11097;11097;8
10620;13915;1
10620;13978;1
413;13919;1
13220;989;1
11097;14029;1
13625;13625;2
10620;10683;1
14045;227;1
10620;14044;1
10620;3615;1
14069;10102;1
10620;13481;1
12363;14029;1
13123;5143;1
13123;989;1
13123;1117;1
13123;2489;1
673;13959;1
14103;11110;1
13220;456;1
14109;989;1
14109;322;1
14109;158;2
14109;122;1
12363;3211;1
14122;456;1
633;4910;1
633;12527;1
633;5091;5
633;1047;1
633;8013;1
8943;5091;1
6408;157;1
10620;13056;1
10845;3167;1
8413;989;1
6408;2723;1
8413;890;1
8413;136;1
8413;721;1
8413;13562;1
8413;9941;1
8413;11097;1
10593;989;1
14190;8221;1
13922;10938;1
5177;14167;1
3327;9747;1
11097;11074;1
13360;989;1
13220;3327;1
14167;14167;1
10204;14167;1
10204;1151;1
10814;14240;1
11097;14240;1
10814;11097;1
12363;11097;1
14245;9052;1
13123;14240;1
13123;11097;3
13123;10560;1
13123;3030;1
9512;2723;1
9169;11097;1
11097;989;1
14244;11097;1
13901;5316;1
11097;3550;1
78;11097;1
10620;5246;1
266;11097;1
605;11097;1
14300;11097;1
14301;11097;1
150;11097;1
10620;11097;1
10620;14200;2
5177;14200;1
8471;11097;1
10389;3510;1
2593;11097;1
673;11097;1
14336;11097;1
14362;11097;1
14365;14332;1
11097;5143;1
7922;2972;1
2576;9052;1
8820;8820;1
7922;11097;1
10620;3151;1
14389;11097;1
14390;8820;2
13667;14393;1
14399;201;1
8028;14200;1
13481;13481;2
13901;989;1
8774;5203;1
11097;5091;1
5179;10694;1
14451;14240;1
14458;8774;1
3377;11124;1
4906;989;1
11097;14384;1
9637;8774;1
13248;2653;1
10620;13155;1
14494;989;1
10620;14531;1
10620;14525;2
9123;8774;1
13123;136;1
13123;890;1
10620;14556;1
673;12473;1
10620;9793;1
9519;989;1
7950;84;1
10620;10395;1
14602;14240;1
13220;322;1
3044;843;1
843;843;4
11097;843;1
14617;989;1
12490;14427;1
10620;2452;1
10834;2489;1
13562;14641;1
13123;14656;1
13023;173;1
10620;14427;1
13023;3044;1
10620;14644;1
3085;11097;1
13011;158;1
6529;14698;1
6529;14660;1
11097;14586;1
9675;227;1
9675;989;1
14703;378;1
836;14586;1
13100;2723;1
14707;14392;1
10620;14665;1
6529;14566;1
10517;11097;1
85045;15180;1
68318;68318;1
86146;76702;1
63096;57006;1
3057;;1
867;50727;1
79722;45766;1
87263;24119;1
14560;74045;1
51388;11097;1
82566;227;1
50727;87270;1
60424;20618;1
75599;46740;1
37098;5257;1
84602;15180;1
64465;1151;1
14560;61445;1
87109;87284;1
85556;9011;1
14582;10462;1
13100;44044;1
13100;30693;1
87109;62938;1
27731;895;1
13123;14586;1
9225;9225;1
14736;434;1
11097;8820;3
836;8820;1
13433;12206;1
10620;14763;1
10620;14758;1
14572;14729;1
843;13736;1
14813;2916;1
1301;1301;1
14197;989;1
10620;6465;1
543;26;1
5250;12983;1
14863;227;1
14863;84;1
14864;8960;1
14865;8960;1
13012;12613;1
14867;8960;1
10746;14885;1
13220;9663;1
3077;1301;1
14890;227;1
14890;84;1
14896;838;1
11097;14900;1
11097;14898;1
14604;14604;1
14753;989;1
10620;11116;1
10620;5029;1
8612;5342;1
14895;14910;1
14895;10915;1
14470;11097;1
14941;8643;1
11097;1406;1
13123;10879;1
6529;14909;1
13248;14885;1
14458;10879;1
3044;3044;1
843;3044;1
14990;989;1
8471;14885;1
6529;14999;1
3044;12983;1
77;1406;1
15004;426;1
10620;14999;1
13145;14525;1
4853;12183;1
15023;1097;1
6529;12438;1
14713;227;1
6529;227;1
10620;14989;1
11097;227;1
6396;227;1
10834;227;1
10620;6611;1
15058;158;1
15071;227;1
11097;97;1
108;97;1
97;97;3
15086;97;1
15090;989;1
10620;15083;1
15109;1406;1
15109;8357;1
15109;3314;1
15109;3159;1
15116;13023;1
10620;8820;1
15120;5203;1
13220;14357;1
15122;989;1
15122;97;1
14994;227;1
15125;14586;1
14915;989;1
14915;7966;1
14915;847;1
15149;1097;1
15159;15157;1
15166;2723;1
15106;989;1
9637;8820;1
8820;15182;1
14117;97;1
15199;2723;1
836;15197;1
11097;8960;1
15216;989;1
11097;8774;1
13220;15180;1
14598;11097;1
11097;3615;1
11097;15182;1
15197;14946;1
812;6465;1
15197;663;1
15197;14240;1
8820;14357;2
15255;12356;1
15266;14789;1
14981;8960;1
15287;10846;1
8028;12378;1
9992;9225;1
9992;3058;1
15292;793;1
6529;14829;1
15292;14904;1
15303;15192;1
14293;158;1
15306;10846;1
15306;9521;1
837;837;1
15325;989;1
15341;2958;1
1244;15115;1
14913;15356;1
15356;15356;1
14707;11044;1
2932;989;1
8820;15315;1
15368;1131;1
15376;8960;1
14326;793;1
15376;97;1
10620;14789;1
11097;15356;1
15372;15372;1
14707;9637;1
14602;15180;1
13922;11044;1
13922;15325;1
14644;1151;1
14602;15410;1
3044;15372;1
13669;15303;1
13669;11044;1
15447;2916;1
6529;10694;1
8222;8820;1
15478;1097;1
15478;3615;1
15483;;1
1059;8820;1
2525;8820;1
15487;3466;1
10620;14740;1
10620;13953;1
15502;8820;1
6464;10846;1
14602;8820;1
15514;15372;1
6529;8820;1
13023;13023;2
2544;8820;1
6529;15519;1
6385;8820;1
15520;8820;1
15525;8820;1
10517;8820;1
13809;13809;2
15540;8820;1
13809;8820;1
15512;227;1
6529;13736;1
13901;1387;1
15566;1315;1
8820;13809;1
11097;15519;1
10620;9618;1
15601;989;1
6518;802;1
11056;15604;1
15403;13384;1
15368;13809;1
15402;15402;1
6529;15613;2
15641;4620;1
10620;15609;1
15649;7722;1
6529;9663;1
14915;1406;1
11097;173;1
11097;12801;1
10620;13593;1
10620;9663;1
6529;15663;1
15363;14925;1
15363;5203;1
15363;97;1
15527;9663;1
11097;802;1
8384;663;1
8384;1047;1
8384;84;1
6529;13000;1
15527;15664;1
8820;15664;1
6529;839;1
12430;2723;1
15705;9663;1
15705;15617;1
15638;15638;1
15722;11097;1
10620;15715;1
15738;8774;1
15738;15738;2
15738;192;1
15738;14044;1
15738;9061;1
15738;3615;1
15738;11044;1
8752;10225;1
13901;8774;1
8752;5199;1
15695;15695;1
15705;15695;1
15764;14829;1
15764;13182;1
15764;12364;1
15764;6469;1
1136;895;1
3105;8878;1
7738;15786;1
11097;15786;1
15798;12294;1
14500;15797;1
15835;10523;1
15837;793;1
6529;14167;1
6529;13413;1
10620;15885;1
13688;13688;1
10620;12378;1
10620;15768;1
10273;14434;1
15928;15921;1
15768;15768;1
15956;3167;1
2750;13508;1
15975;122;1
9805;989;1
15971;15980;1
15690;15690;1
5144;1300;1
1406;15984;1
13248;15215;1
15996;474;1
924;14357;1
15964;15984;1
14602;15984;1
2452;913;1
8752;13046;1
16027;10545;1
16027;322;1
16027;2742;1
16027;227;1
16027;989;1
16027;84;1
16027;97;1
16027;836;1
16027;136;1
16027;721;1
16027;890;1
16027;158;1
6529;16042;1
376;2471;1
960;227;1
1188;13508;1
13123;721;1
10620;13291;1
10620;12516;1
15090;2471;1
10620;9003;1
6518;13881;1
6529;989;1
11098;16126;1
10275;15192;1
10620;14829;1
9234;15984;1
9234;989;1
10542;227;1
14588;13291;1
408;16126;1
4710;16235;1
15403;16236;1
15403;1264;1
15403;13291;1
15403;10584;1
15361;16235;1
16251;16251;2
4710;16251;1
4710;16249;1
15403;9218;1
16255;13809;1
8820;16236;1
16265;14427;1
10273;16197;1
10273;7999;1
15361;16097;1
15361;974;1
15928;14586;1
16300;2661;1
15928;11097;1
10620;16251;1
11097;16236;1
16338;8820;1
15090;1301;1
16345;802;1
13429;16148;1
16350;16097;1
673;157;1
13123;5144;1
1151;15906;1
8752;15906;1
16383;11097;1
108;2723;1
14617;12613;1
13123;434;1
1151;588;1
1151;9670;1
1151;1387;1
16442;1117;1
8810;15617;1
1151;836;1
16446;3167;1
16470;8016;1
836;5144;1
9035;9035;1
14707;10845;1
16470;15735;1
16487;847;1
5144;15197;1
5144;8820;1
5144;8013;2
16510;989;1
5144;5144;1
16522;8206;1
15361;15361;1
5041;12867;1
13901;11064;1
5041;16542;1
5041;16548;1
511;5143;1
511;913;1
511;886;1
511;14392;1
511;15617;1
511;1174;1
511;97;1
511;5091;1
16511;2830;1
5041;16135;1
5041;10344;1
16590;131;1
92;16570;1
108;11044;1
16611;158;1
16617;2489;1
10620;11044;1
8113;11044;1
16379;16511;1
16379;11044;1
16379;16570;1
16379;10114;1
10620;7966;1
16680;12377;1
16680;16680;2
16680;793;1
16680;5342;1
15361;16680;1
9123;3167;1
10620;2861;2
16737;227;1
15837;11097;1
13220;12443;1
1151;12443;1
14310;10907;1
14602;15613;1
16791;16791;1
6478;555;1
16749;16749;1
16822;11044;1
13694;721;1
16845;97;1
6385;16753;1
16866;4637;1
6529;16854;1
15992;989;1
13736;13686;1
16898;84;1
16379;16683;1
16914;6536;1
16923;1131;1
16865;16865;1
16083;5211;1
14265;721;1
16083;227;1
16083;8860;1
3377;16939;1
14789;14789;2
13901;12515;1
14707;16928;1
13011;3591;1
16998;9771;1
1137;16992;1
9774;9774;2
15527;15690;1
13878;12377;1
17022;17022;1
17038;12294;1
16862;5283;1
17052;684;1
14876;14876;1
17063;2725;1
16964;16964;1
16853;14898;1
14736;16101;1
10620;16964;1
17104;2643;1
10620;12443;1
15361;895;1
13855;7966;1
16820;84;1
16680;1151;1
17104;13688;1
17104;10815;1
17104;12462;1
12363;16816;1
326;97;1
15361;250;1
8563;989;1
462;2471;1
10620;13736;2
836;16964;1
10101;26;1
17171;13518;1
17177;13915;1
10273;989;1
836;17178;1
16399;97;1
16399;14898;1
8028;16964;1
17177;88;1
17204;9511;1
17212;663;1
16083;88;1
10990;8206;1
14789;17085;1
16863;15933;1
16024;2504;1
16083;14267;1
17214;17239;1
10273;2471;1
13220;5103;1
10273;890;1
17280;793;1
17284;793;1
17308;17308;1
843;16024;1
10620;17308;1
17323;11097;1
10620;1138;1
10620;15933;1
15361;1138;1
17341;2533;1
17341;116;1
10620;5091;1
10273;793;1
17171;2489;1
813;17344;1
17386;721;1
17387;974;1
4710;17385;1
12384;17085;1
9814;12515;2
17403;9035;1
10620;15690;1
9943;17305;1
17439;2790;1
16892;17085;1
836;16764;1
9816;5143;1
10462;8860;1
17463;9992;1
16863;9988;1
17489;16050;1
17269;17305;1
17269;989;1
2616;895;1
17487;17487;1
17153;8960;1
17520;17520;1
17529;17305;1
17531;989;1
17531;157;1
17531;895;1
16774;17469;1
10620;12867;1
10915;10915;1
17538;17518;1
17539;9249;1
3377;17518;1
5177;16050;1
5177;7923;1
17568;13508;1
17572;9793;1
17606;5143;1
17269;16829;1
10620;10894;1
17397;16829;1
17633;456;1
17633;66;1
17614;17583;1
17659;17659;1
17397;17571;1
17687;8820;1
10620;26;1
13220;16310;1
13220;26;1
16964;843;1
17708;16310;1
77;974;1
17702;17702;1
4799;16058;1
17746;663;1
17750;2725;1
5041;17752;1
10879;10879;3
10834;10834;1
17763;12443;1
9814;15801;1
17778;434;1
17781;17571;1
3377;12515;1
14904;15762;1
15361;17784;1
16083;12515;1
16914;5342;1
16914;10085;1
10462;10314;1
10620;17828;1
13220;15693;1
17783;15569;1
16083;1133;1
17881;17619;1
17889;16676;1
17881;17886;1
14925;15569;1
16379;15762;1
10620;17899;1
10620;9197;1
17908;17908;1
54;5;1
111;36;1
146;136;1
146;134;1
92;173;1
136;136;1
227;116;1
227;158;1
227;157;1
227;96;1
136;227;1
159;250;1
159;26;1
227;227;2
157;227;1
320;250;1
323;227;1
326;227;1
225;227;1
359;227;1
146;273;1
386;227;1
84;227;1
463;113;1
463;227;1
494;227;1
454;227;1
544;456;1
562;456;1
292;434;1
629;456;1
454;88;1
587;663;1
673;122;1
478;227;1
434;434;1
723;534;1
723;227;1
743;663;1
399;250;1
554;663;1
456;434;1
769;434;1
782;663;1
53;434;1
433;663;1
736;721;1
736;434;1
801;179;1
808;158;1
554;122;1
780;227;1
836;227;1
869;113;1
97;663;1
891;663;1
550;890;1
550;227;1
906;227;1
906;906;2
846;84;1
869;227;1
935;227;1
227;906;1
961;663;1
973;913;1
723;886;1
569;322;1
386;886;1
88;846;1
723;906;1
97;227;1
891;227;1
1034;84;1
1018;403;1
1048;173;1
1051;122;1
1051;1028;1
119;890;1
113;426;1
961;960;1
84;84;1
913;913;1
56;122;1
56;227;1
56;173;1
1083;663;1
868;913;1
1103;663;1
1103;913;1
935;913;1
935;663;1
935;84;1
935;890;1
782;913;1
454;913;1
454;113;1
97;913;1
723;913;1
1140;66;1
1085;728;1
272;1147;1
1165;1165;1
1179;1147;1
92;1174;1
743;84;1
633;1021;1
97;941;1
1259;917;1
723;890;2
921;158;1
1021;434;1
961;1315;1
1353;403;1
1315;1315;1
1006;1097;2
723;434;1
1369;434;1
836;1097;1
1369;989;1
1369;173;1
1401;989;1
2432;227;1
2432;173;1
2432;136;1
2452;289;1
2452;157;1
2455;227;1
2452;199;1
2467;434;1
723;84;1
723;836;1
723;979;1
836;2471;1
2471;890;1
2477;122;1
1427;157;1
1387;836;1
2452;895;1
2534;199;1
802;728;1
2544;728;1
2544;895;1
988;895;1
964;895;1
97;895;1
2580;227;1
2583;136;1
2595;989;1
2597;895;1
2452;136;1
1427;136;1
1427;2489;1
2629;989;1
2629;1138;1
2452;663;1
802;2643;1
2660;2489;1
802;2661;1
2452;2661;1
2567;1163;1
961;192;1
1152;895;1
1131;157;1
2452;728;1
2757;192;1
941;2750;1
2452;2798;1
2750;2750;1
1151;1151;2
2820;1147;1
1156;802;1
736;157;1
906;2830;1
2697;2850;1
97;802;1
97;2661;1
2697;979;2
2903;1117;1
2903;2489;1
2905;2756;1
736;227;1
2902;227;1
2876;1242;1
2958;2958;1
2958;1163;1
2954;227;1
2867;2916;1
2980;227;1
3003;2916;1
3004;2979;1
1156;2841;1
2979;2979;1
3003;1315;1
2528;895;1
3051;173;1
3081;1315;1
816;1281;1
3163;426;1
3202;1131;1
3209;227;1
1385;663;1
3241;3215;1
3241;3232;1
3241;838;1
97;403;1
723;97;2
988;2958;1
3306;3263;1
3329;2883;1
2969;989;1
1037;989;1
1151;426;1
1151;2661;1
3370;434;1
3377;3360;1
723;989;1
723;3289;1
723;555;1
1151;97;1
3396;2533;1
3416;3390;1
3421;173;1
1151;3283;1
3432;36;1
1151;1235;1
2461;456;1
2461;836;1
3508;36;1
3513;3513;1
2969;3539;1
3564;989;1
633;3568;1
633;3526;1
3581;3436;1
3582;3167;1
1048;1048;1
3610;227;1
3608;227;1
3569;3550;1
3615;3615;2
633;802;1
633;3159;1
494;3159;1
1156;456;1
1156;4620;1
555;275;1
3317;721;1
4714;895;1
4715;3159;1
3116;3159;1
883;721;1
4742;721;1
4742;84;1
4742;3054;1
97;1047;1
4764;3513;1
4766;3057;1
2724;4719;1
723;4692;1
4799;4692;1
4799;1386;1
4815;250;1
3185;496;1
4710;2475;1
4828;4717;1
3566;3223;1
4846;84;1
3327;2725;1
4867;2861;1
4717;3215;1
545;1235;1
3105;2725;1
4916;426;1
723;4967;1
4972;3223;1
4766;97;1
4980;3550;1
2889;136;1
723;1242;1
4999;4999;1
5005;227;1
3106;3106;1
3470;1097;1
5028;3223;1
3083;1242;1
3083;3054;1
3377;5075;1
555;555;1
192;192;1
5115;534;1
5115;227;1
5123;227;1
5170;3498;1
5170;173;1
5173;136;1
5177;3159;1
5177;4717;1
5091;5091;1
3232;3232;1
5228;1127;1
5233;5019;1
5242;721;1
5243;4804;1
5246;3580;1
5246;989;3
5250;895;1
5246;691;1
5246;122;1
5246;250;1
2724;5110;1
2724;4686;1
5243;227;1
5287;5172;1
5287;5266;1
2723;5290;1
5295;2723;1
5315;1131;1
2723;3615;1
5246;2475;1
3377;5342;1
723;1047;1
454;2723;1
454;3159;1
2812;890;1
5243;5356;1
3132;1048;1
6408;1138;1
6408;434;1
6408;1097;1
3132;4662;1
5224;5283;1
812;88;1
3132;6419;1
6467;;1
1131;847;1
6472;895;1
1266;793;1
6482;6469;1
2452;5342;1
562;2725;1
2457;84;1
3132;725;1
3132;3615;1
6422;;1
5246;1138;1
5246;88;1
5246;1047;1
6520;5199;1
5224;3132;1
5224;3466;1
5246;3047;1
6529;847;1
921;173;1
6518;5029;1
6557;;1
6557;227;1
6557;434;1
6557;426;1
6557;3436;1
6562;989;1
6567;3466;1
6567;88;1
6567;434;1
6567;6419;1
6567;2742;1
6567;5199;1
6567;5043;1
2452;5246;1
723;5246;1
6576;227;1
6576;84;1
3132;5246;1
633;5246;1
633;4813;1
633;6559;1
633;6572;1
6591;122;1
5374;303;1
5374;88;1
3132;303;1
914;847;1
6529;4933;1
723;802;1
723;322;1
723;2661;1
723;986;1
723;403;1
723;192;1
723;4719;1
6529;4695;1
6615;6611;1
5043;5043;1
6626;4695;1
6637;663;1
1048;1315;1
5246;6685;1
5243;303;1
6391;295;1
1156;474;1
1156;7715;1
813;6644;1
813;7723;1
303;303;1
3377;7722;1
3298;4933;1
6422;663;1
6640;5246;1
7762;7762;1
5170;7712;1
7776;5095;1
6640;7723;1
6640;227;1
6640;97;1
1010;434;1
1010;906;1
1010;5283;1
5184;5184;1
2452;426;1
7821;534;1
6613;5143;1
2452;3615;1
3470;426;1
7838;5342;1
7838;3615;1
7838;5143;1
723;426;1
2452;227;1
3132;227;1
3132;7811;1
7751;3615;1
5312;7750;1
2452;2475;1
2452;7873;1
536;227;1
7867;7867;2
7886;2507;1
3105;5143;1
2452;5143;1
7872;5143;1
1156;3540;1
7878;5143;1
7922;5143;1
7919;3159;1
2576;5143;1
7930;7923;1
816;5143;1
3377;5143;1
4799;5143;1
4799;5246;1
4799;7873;1
7950;5143;1
5323;5143;1
97;7923;1
7981;227;1
7964;5203;1
7964;5143;1
1003;7977;1
7872;7999;1
723;5143;1
1097;721;1
8035;3108;1
5246;3328;1
5377;7969;1
534;7977;1
5224;136;1
8037;8037;1
7950;227;1
7950;7977;1
8069;227;1
2742;3430;1
3377;8074;1
8080;721;1
2666;5203;1
8085;227;1
723;7999;1
525;227;1
8106;227;1
5255;895;1
5243;5246;1
5243;4717;1
8143;1138;1
3268;2726;1
4621;8145;1
5243;97;1
8175;426;1
8180;3550;1
7950;7966;1
5243;2725;1
5243;895;1
8228;721;1
3377;8214;1
2699;227;1
6408;158;1
8241;8195;1
8264;8244;1
8266;8214;1
8286;434;1
8286;5143;1
8286;3615;1
8298;426;1
536;4637;1
5255;84;1
3375;434;1
8305;6683;1
8352;8357;1
5243;84;1
8380;426;1
8384;7720;1
8394;8214;1
5103;26;1
2666;2471;1
723;8417;1
289;1097;1
8471;2725;1
8472;227;1
8472;3390;1
8472;7887;1
723;8505;1
26;8524;1
2452;8310;1
8538;728;1
3377;8524;1
8540;5283;1
8540;227;1
170;122;1
8570;227;1
8570;836;1
723;8030;1
723;8074;1
8586;8123;1
2516;890;1
8548;6469;1
433;8158;1
7740;8145;1
8479;8488;1
723;5203;1
723;8214;1
3377;2723;1
8681;2723;1
8770;8643;1
8681;979;1
8681;895;1
1048;7867;1
8809;227;1
8149;989;1
8681;989;1
8415;989;1
8310;8310;1
8846;7977;1
8846;418;1
8852;426;1
8880;989;1
8413;8869;1
8413;7923;1
8413;4717;1
8413;5091;1
8892;8869;1
812;97;1
8908;989;1
723;8869;1
462;4637;1
8923;1314;1
8943;97;1
8413;227;1
8413;836;1
8954;721;1
8953;8944;1
8953;4836;1
313;890;1
2980;8944;1
9014;2792;1
8780;6568;1
5103;2723;1
2452;8320;1
9084;227;1
9085;9011;1
5250;227;1
5250;173;1
5250;890;1
5250;97;2
5250;2471;1
5250;157;1
5250;2661;1
5250;250;1
5250;886;1
5250;913;1
5250;179;1
5250;84;1
5250;555;1
5250;1131;1
5250;88;1
5250;122;1
5250;2830;1
5250;3167;1
5250;1138;1
5250;3159;1
5250;5246;1
5250;838;1
5250;793;1
5250;836;1
5250;133;1
5250;6685;1
5250;158;1
26;802;1
5170;3159;1
9121;721;1
9140;227;1
9140;5342;1
5177;3466;1
8413;158;1
9186;8944;1
454;5091;1
723;8357;1
9194;227;1
9174;66;1
9243;9218;1
9245;836;1
723;14925;1
23283;21473;1
23283;18790;1
23283;9465;2
23283;895;1
23283;836;1
23283;2471;1
17290;97;1
23325;456;1
3083;122;1
10620;886;1
723;793;1
2455;26;1
23376;13518;1
13100;12858;1
23366;23264;1
23396;1138;1
23410;17696;1
14588;11097;1
23415;10327;1
23427;158;1
10241;97;1
23186;5143;1
14588;17696;1
14560;5091;1
11007;21560;1
21433;2653;1
14703;23457;1
14602;21560;1
23466;1097;1
23471;836;1
10620;4978;1
23440;23440;1
1244;15569;1
723;20544;1
23515;8820;1
23523;26;1
2544;13100;1
23541;8357;1
23541;1406;1
13100;8310;1
7763;13100;1
26;21775;1
23573;13100;1
21731;11097;1
13213;23492;1
23614;6403;1
20337;13100;1
23658;13100;1
4699;13100;1
8541;5184;1
11007;14904;1
17290;12533;1
17290;895;1
9759;18369;1
17992;17619;1
23614;122;1
23614;906;1
23614;1097;1
23614;8643;1
23614;4676;1
12399;13100;1
14360;12515;1
23283;12515;1
9388;9388;1
21024;21560;1
23745;7715;1
16371;14112;1
12527;20372;1
6464;16024;1
21433;14200;1
8262;17947;1
49893;21560;1
16213;13100;1
14560;3167;1
4749;15412;1
23844;793;1
9812;13100;1
17116;17116;1
23848;5091;1
16213;11141;1
14360;11141;1
23601;4953;1
23601;989;1
23895;6469;1
2969;5342;1
2852;22080;1
723;11097;1
13213;2723;1
12527;15961;1
23954;16753;1
23945;23945;1
12534;5342;1
20722;12377;1
23601;8409;1
23977;13736;1
11061;1151;1
16693;8409;1
13213;23567;1
16213;21080;1
9191;19147;1
23660;5241;1
16213;24003;1
23803;8820;2
24025;3167;1
24029;8145;1
24032;9608;1
13165;5143;1
24062;8320;1
24053;24053;2
16866;22068;1
16213;8820;1
16213;982;1
8501;14925;1
24119;21254;1
10904;13891;1
17965;13165;1
10155;886;1
16213;20298;1
13736;17907;1
3236;15533;1
24028;8643;1
13100;24153;1
11061;12377;1
11061;13154;1
14360;24153;1
24207;895;1
14360;15533;1
723;15533;1
14602;23567;1
24240;989;1
24240;4836;1
24240;895;1
24263;11097;1
17921;8357;1
24276;12739;1
16213;97;1
24278;917;1
285;14393;1
24305;24077;1
14736;588;1
723;5043;1
13413;13413;1
9465;15569;1
891;10300;1
23620;17116;1
20585;17313;1
17768;895;1
24157;24157;1
24346;24346;2
24391;97;1
24368;1097;1
24394;3167;1
24392;23262;1
21924;227;1
20978;14904;1
20978;13736;1
24413;8320;1
10464;793;1
16213;8409;1
1137;8409;1
24443;2533;1
24447;5342;1
21024;24355;1
9191;5091;2
24463;227;1
24468;9445;1
24468;24053;1
24468;24468;1
16611;8820;1
16213;21795;1
15412;10879;1
14560;24493;1
14560;;2
24202;2979;1
24202;5199;1
24519;8318;1
24510;721;1
24522;3250;1
20396;15303;1
24547;8820;1
24549;18632;1
24550;8960;1
21024;843;2
24552;989;1
13457;13457;1
13809;24494;1
676;10879;1
14588;21795;1
14588;227;1
24569;14604;1
24547;989;1
21023;9053;1
24550;13413;1
24620;227;1
24550;11097;1
21731;989;1
14560;24355;1
14560;13517;1
14560;20585;1
146;24635;1
24550;15604;1
24660;426;1
24662;14684;1
24662;10523;1
24662;16764;1
24674;2830;1
24662;10938;1
15231;20594;1
10620;23480;1
16611;2723;1
23640;23640;1
23416;8820;1
14360;133;1
24218;17659;1
4784;9724;1
24733;17596;1
24733;1244;1
24733;16723;1
24733;71;1
24733;3526;1
24733;4800;1
24737;8643;1
676;24742;1
17613;890;1
24733;2861;1
24733;895;1
24733;;1
24733;6469;1
16213;227;1
24765;13046;1
676;133;1
676;24259;1
24202;13154;1
5041;15946;1
24848;8820;1
24855;11097;1
2781;2781;1
24871;3057;1
24871;8960;1
10620;24790;1
24240;10462;1
24912;1386;1
11097;434;1
23803;23416;1
23803;21024;2
23803;23480;1
23803;9053;1
23803;11097;1
23803;20392;1
23803;;1
23803;24493;1
23803;24346;1
23803;13413;1
23803;15533;2
23803;989;1
23803;88;1
23803;20635;1
23803;24153;1
23803;17907;1
23803;16251;1
17965;15343;1
15527;24837;1
24180;2533;1
24972;456;1
24975;24938;1
21385;14999;1
23305;24980;1
23305;663;1
16213;14909;1
24879;5091;1
14684;13154;1
25032;8842;1
25035;684;1
25035;2750;1
13033;456;1
17596;17596;1
23803;14909;2
24885;24885;12
10049;10049;1
18111;14909;1
18111;21560;1
15527;10049;1
9621;5342;1
24871;24830;1
24871;10049;1
24871;24994;1
25123;5342;1
14707;10049;1
25138;14684;1
14360;97;1
25170;25161;1
14588;13154;1
25179;20487;1
25123;3281;1
25123;25167;1
12363;6403;1
23305;15664;1
15613;15613;1
23601;8337;1
25227;1151;1
25236;12580;1
23305;3314;1
24550;8820;1
21731;895;1
23620;426;1
25246;8842;1
15090;13450;1
15361;24885;1
24662;25243;1
25265;989;1
25266;8409;1
6637;12377;1
25288;227;1
23346;8409;1
24830;12206;1
20803;8820;1
24830;3615;1
10620;13625;1
723;23710;1
23305;23305;1
2504;23305;1
23305;16097;1
25339;12206;1
25351;12377;1
24662;23710;1
17557;8820;1
24830;14909;1
25384;10345;1
23949;13809;1
25388;16148;1
319;5143;1
25238;24980;1
10155;18195;1
723;14909;1
6619;12983;1
21024;13518;1
13517;97;1
23803;24885;1
23803;13625;1
23803;23710;1
25425;227;1
25470;3430;1
10389;10462;1
10389;13518;1
10389;24885;1
25487;13023;1
21959;13182;1
723;895;1
25497;23714;1
10902;17596;1
16213;13291;1
25521;10114;1
8501;21659;1
25536;13736;1
25540;989;1
13291;13291;1
23305;7923;1
15527;25537;1
5257;5257;1
25573;8820;1
16379;25537;1
10253;16050;1
25584;721;1
2534;9033;1
16213;25429;1
5177;25592;1
676;25618;1
5257;25623;1
23305;14946;1
25642;12473;1
25642;16147;1
25640;21194;1
25659;989;1
25659;227;1
15412;23837;1
25677;1151;1
25678;25488;1
2680;16964;1
24830;97;1
24830;5143;1
10902;9270;1
16213;25636;1
13977;25611;1
25728;6465;1
25728;2661;1
25729;13023;1
7720;8820;1
25749;1151;1
25757;721;1
16379;25590;1
25777;13736;1
25777;14360;1
24077;24077;1
1289;25611;1
3377;1151;1
23759;8409;1
20618;20618;1
25842;24980;1
837;17116;1
10902;20974;1
10464;16244;1
25867;5297;1
25874;989;1
10902;5342;1
25174;122;1
25899;20974;1
23173;18686;1
25295;24346;1
24871;5043;1
16379;24994;1
25958;989;1
24662;14007;1
25967;1151;1
25973;16050;1
12635;8820;1
23906;20448;1
10902;20585;1
26000;4717;1
26010;8820;1
26025;15686;1
13568;13154;1
2576;3591;1
24830;24346;1
10273;3108;1
23803;3167;1
15412;26061;1
26068;12250;1
26083;26083;2
14560;25640;1
2724;793;1
26110;13686;1
26117;1021;1
25759;8820;1
13977;3591;1
14560;3250;1
21995;8338;1
25640;989;1
25419;3591;1
26161;989;1
26162;8820;1
17546;21691;1
26173;14684;1
26180;25891;1
17925;14009;1
26187;8820;1
24202;14007;1
24202;13023;1
8501;474;1
24662;16964;1
26236;21272;1
17313;17313;1
26276;8820;1
2797;23710;1
17020;8409;1
15412;18246;1
723;21560;2
13100;1315;1
13100;17309;1
13100;13881;1
26357;8820;1
26363;12438;1
14360;8820;1
723;23640;1
723;23457;1
26413;23245;1
15412;26409;1
23803;4978;1
23803;26235;1
26257;26425;1
26441;23262;1
26457;474;1
26461;11097;1
17384;17384;1
26485;26474;1
26487;21686;1
9885;1151;1
723;16683;1
723;8820;1
26509;8320;1
15412;;1
26519;26474;1
26519;26317;1
26520;1151;1
13518;13518;1
26356;26535;1
24662;25429;1
22053;14533;1
25295;23567;1
24593;13100;1
23894;13891;1
4920;10462;1
26590;14684;1
13736;26474;1
26515;434;1
16213;14393;1
26626;227;1
6567;6567;2
26596;10155;1
26596;25448;1
10620;26643;1
23515;989;1
26685;2725;1
21995;26671;1
201;3591;1
8005;2647;1
10620;14909;1
21433;24830;1
6567;20544;1
16648;4637;1
26423;22075;1
15412;15412;1
26519;21560;1
26141;5043;1
26141;1406;1
24996;23213;1
26718;16024;1
26523;3591;1
1266;4836;1
26740;12515;1
26741;434;1
26747;9249;1
26596;19161;1
26596;17359;1
26759;843;1
26768;97;1
26596;13508;1
26596;14652;1
26774;16148;1
24856;18744;1
15412;26408;1
26780;8820;1
5320;3223;1
26787;20618;1
10620;20389;1
26799;26799;1
10155;11097;1
26596;890;1
25359;14895;1
16510;793;1
3472;793;1
21024;10972;1
25359;24813;1
26596;26775;1
26596;10915;1
26596;12377;1
836;26643;1
23803;227;1
23803;25217;1
26535;12443;1
25104;26872;1
26791;16050;1
26916;26856;1
26917;17310;1
836;26872;1
21323;19040;1
15106;8643;1
15106;157;1
26596;2661;1
15508;3167;1
5170;7873;1
16213;989;1
15508;27000;1
27006;20544;1
10172;11097;1
27013;721;1
12290;9420;1
27016;721;1
27026;14684;1
27000;27000;1
27000;17484;1
27000;721;1
27038;21272;1
27039;11097;1
17122;8820;2
26887;8820;1
10193;17208;1
19207;1133;1
19207;15984;1
23864;12377;1
27107;20544;1
23803;27000;1
23803;2576;1
23803;1151;1
27111;27093;1
14602;27129;1
27142;295;1
20463;9465;1
5320;5342;1
5320;3615;1
24202;9465;1
9257;8774;1
23614;25766;1
17564;25766;1
27175;3151;1
27177;6465;1
10273;21464;1
18888;15412;1
26413;26413;1
26413;10943;1
10620;27135;1
27218;13235;1
7952;27135;1
21385;14684;1
27224;11097;1
27187;25766;1
27187;27094;1
24305;97;1
27255;8820;1
27265;13179;1
27229;12473;1
27171;27250;1
12985;5143;1
27295;2471;1
27295;9690;1
25339;97;1
5041;27303;1
27316;8774;1
21867;26;1
25759;989;1
14678;986;1
27385;16148;1
26141;8820;1
21867;8820;1
25759;886;1
16162;843;1
16162;12378;1
13548;24742;1
8005;23567;1
27250;23567;1
21024;8016;1
27058;13046;1
27447;158;1
27449;8820;1
27470;16148;1
21959;10094;1
13087;11141;1
15091;4717;1
27420;8820;1
24846;5342;1
15091;8944;1
20978;14684;1
15091;3057;1
27503;2489;1
27503;23971;1
27520;434;1
18973;157;1
26019;26019;1
27552;5041;1
27564;8820;1
20980;4695;1
9191;1133;1
9191;3615;1
9191;917;1
16199;16097;1
27573;122;1
27359;8820;1
10620;27194;1
20313;5091;1
27614;27614;1
20492;27450;1
18092;18315;1
16680;989;1
27642;2861;1
10806;8409;1
27250;12710;1
27685;434;1
27688;10523;1
27731;20978;1
27749;15613;1
27749;4821;1
27758;17699;1
25157;8820;2
26755;721;1
21608;25100;1
21024;27741;1
27788;1097;1
27788;1315;1
27788;14368;1
27788;14909;1
12676;27756;1
27823;434;1
12384;27616;1
27831;10114;1
26596;84;1
10746;1406;1
27693;12343;1
27760;27741;1
16379;20974;1
27847;23714;1
27279;8820;1
10620;12947;1
27886;16244;1
27685;12911;1
27685;1315;1
27685;20974;1
27685;3513;1
27685;2916;1
27685;906;1
3257;8820;3
27000;11097;1
27908;20974;1
25217;27797;1
17192;5342;1
27918;8820;1
15837;14310;1
27740;27740;1
27255;9053;1
27933;11097;1
9203;8820;1
6567;16244;1
26774;8820;1
27967;793;1
26991;989;1
14588;5342;1
14922;18734;1
27984;17310;1
27758;15064;1
27250;17310;1
27213;27213;1
28021;721;1
10620;28011;1
26977;27992;1
21024;27906;1
16866;721;1
28047;2471;1
10620;17267;1
10620;21642;1
27992;27992;1
28066;4968;1
28067;11097;1
10464;1138;1
13927;12473;1
28081;28081;1
21319;20544;1
27992;2489;1
1266;97;1
24968;8820;1
28177;8820;1
27741;27741;1
28192;133;1
26761;26761;1
18864;27992;1
27522;2653;1
28218;8820;1
28225;26;1
3083;28231;1
14360;77;1
77;16310;1
26755;84;1
26755;122;1
26755;8820;1
26755;426;1
15527;28231;1
8541;15064;1
16213;28012;1
28276;989;1
18446;5143;1
18446;847;1
16648;5246;1
16510;10462;1
28283;3466;1
3255;13450;1
28291;1151;1
399;11097;1
28308;2653;1
10620;26163;1
28054;8820;1
27107;16764;1
28328;77;1
28336;21268;1
28338;9465;1
5041;5041;1
28344;28344;1
28369;13686;1
723;27436;1
723;27135;1
723;26643;1
15412;24885;1
17175;21560;1
3255;8820;1
25984;97;1
3255;13809;1
28384;26085;1
28115;28435;1
28442;28012;1
28446;27991;1
27145;9724;1
66;14136;1
813;793;1
28461;97;1
27127;989;1
21319;17310;1
14017;989;1
11027;9465;1
28481;3167;1
10620;201;1
28492;14684;1
17020;11097;1
27840;9035;1
27840;26464;1
27840;8960;1
28514;97;1
28258;227;1
28530;17310;1
28534;13023;1
25571;227;1
28555;5342;1
28556;434;1
28559;16235;1
28328;12202;1
28568;16148;1
28577;21560;1
17290;3591;1
12527;3591;1
28593;27938;1
836;5211;1
20463;8820;1
28603;26;1
28623;28012;1
21962;97;1
17368;588;1
9629;20884;1
28645;13736;1
10620;15464;1
21959;21024;1
28663;5143;1
26774;25289;1
23977;15412;1
28681;26163;1
28685;16096;1
21323;14789;1
28115;2647;1
20800;14360;1
10620;25217;1
10620;25922;1
10620;1021;1
28703;13736;1
24053;9445;1
28710;8820;1
1228;895;1
8237;721;1
4765;97;1
16680;1426;1
28752;24526;1
3472;1151;1
18423;474;1
15412;14675;1
28599;28599;1
28795;14675;1
27767;8820;1
28115;21254;1
28811;13518;1
28807;23090;1
9157;8820;1
23977;21560;1
26917;28815;1
23614;3232;1
28889;15663;1
21767;14684;1
10620;27007;1
27250;14675;1
9157;26425;1
28732;28732;1
399;14675;1
28961;14675;1
16338;158;1
28967;8820;1
13145;28941;1
28225;8820;1
28987;3255;1
28987;84;1
15412;5203;1
25984;14675;1
399;26709;1
29051;8774;1
16366;9053;1
20614;793;1
49226;49226;2
80120;50204;1
40156;25359;1
80140;80140;1
41209;21560;1
13348;44456;1
67565;13450;1
67565;886;1
80171;80171;1
29131;13154;1
67203;59488;1
80183;23710;1
77420;66295;1
79790;17310;1
67565;26800;1
67565;88;1
79777;38395;1
66311;21560;1
73393;79926;1
38911;49598;1
25117;65027;1
31219;59136;1
80210;28175;1
59208;44456;1
53276;23600;1
29781;51512;1
67321;28241;1
13623;25636;1
80243;18303;1
16212;62990;1
62360;14310;1
80263;16148;1
42478;76530;1
32390;16753;1
63096;41929;1
76022;21254;1
40665;20429;1
74282;49590;1
80292;27194;1
78780;39982;1
79790;10462;1
45696;45892;1
73674;78838;1
78790;63096;1
61136;28175;1
67536;2647;1
33660;11097;1
55122;63096;1
8361;2893;1
80361;50862;1
64193;13450;1
80105;58905;1
8251;793;1
8251;30036;1
38911;67292;1
70832;97;1
80385;35386;1
79118;78739;1
52171;23644;1
67221;2647;1
10383;50247;1
38911;58433;1
41771;80380;1
42229;917;1
73053;73053;1
20884;1151;1
80406;80406;4
80408;78269;1
14671;793;1
55122;79723;1
4968;33386;1
80325;80325;1
42787;11097;1
59975;20766;1
16510;11074;1
80444;31626;1
80450;39461;1
62309;16236;1
58008;21560;1
59491;728;1
80461;21707;1
80469;16148;1
79659;17178;1
17178;17178;1
78935;97;1
47340;46740;1
74855;74855;2
30931;58589;1
61052;40965;1
55122;33335;1
80380;80380;1
80508;15064;1
52089;46703;1
21291;55027;1
80528;2504;1
80531;41807;1
80550;13518;1
55122;47439;1
6619;30995;1
79659;80559;1
31219;62990;1
80583;37461;1
76202;76202;1
31186;52087;1
80482;80482;1
79133;51209;1
65153;58789;1
8298;80221;1
52927;14895;1
60013;14360;1
80610;39461;1
80616;80221;1
80618;29580;1
38911;80406;1
26259;80221;1
57566;21560;1
73272;80221;1
16379;73609;1
74725;54115;1
80645;51836;1
80652;13450;1
20429;28175;1
57148;33194;1
38688;52816;1
46883;29606;1
8752;80221;1
80663;78232;1
80664;69391;1
80671;2723;1
80673;39461;1
2544;1330;1
80676;67602;1
15106;47149;1
46038;18632;1
79195;79195;2
78935;27607;1
56748;51129;1
9629;67135;1
53812;45616;1
80120;38047;1
57483;57028;1
53812;51836;1
67536;15412;1
80712;80712;1
59892;80241;1
67294;27983;1
80725;34165;1
80725;5143;1
2673;35420;1
40665;40665;3
73414;54771;1
80734;10462;1
41728;80241;1
80734;46740;1
80741;26;1
40665;74855;1
55122;79195;1
52375;5091;1
5354;29353;1
57781;68742;1
68327;78250;1
80767;20618;1
55122;80727;1
56996;56996;1
41728;79915;1
79915;60105;1
40916;79195;1
77470;13023;1
77470;43472;1
80814;80789;1
80817;80506;1
77324;15613;1
80838;44680;1
40488;895;1
80854;24876;1
40856;378;1
80859;44074;1
80851;80843;1
21519;23305;1
41771;46055;1
32144;13155;1
61015;9388;1
80889;63516;1
77209;12350;1
31186;30170;1
77470;58122;2
77470;41929;1
77470;42500;1
79915;53325;1
77470;23983;1
77470;5246;1
77470;295;1
77470;42246;1
77470;28208;1
77470;17423;1
77470;54571;1
80912;52250;1
77470;10108;1
79915;2504;1
80038;20618;1
60193;24719;1
31219;80221;1
65901;66165;1
80447;52816;1
80946;80946;1
80946;63652;1
80952;56508;1
74282;35420;1
78672;78672;1
80958;44726;1
80958;54046;1
8251;61468;1
63298;14360;1
59954;59954;1
73851;8337;1
60513;2723;1
68056;97;1
555;44456;1
61484;41692;1
80447;21254;1
43406;2533;1
79049;201;1
82044;46893;1
67565;2893;1
41857;843;1
51839;82033;1
51839;17165;1
61484;73195;1
32144;21319;1
43975;9575;1
78373;25167;1
32144;25429;1
29781;80221;1
82079;62587;1
82019;60785;1
75439;58589;1
78735;82068;1
78735;33386;1
79915;21560;1
38052;20618;1
73195;73195;1
44456;82110;1
52300;13348;1
55122;82069;1
79915;79915;1
55122;82068;1
82170;44256;1
3257;41108;1
3257;43141;1
82143;82143;1
23803;80241;1
82186;59538;1
55122;82182;1
40964;1151;1
78935;41929;1
76917;82217;1
80176;2854;1
13026;50394;1
46780;26019;1
16338;19172;1
57634;8820;1
35837;26409;1
82285;8820;1
82296;24119;1
61345;54040;1
32144;65131;1
76620;73566;1
10640;802;1
70832;70832;1
67536;8820;1
61445;802;1
61445;29182;1
61445;32243;1
82334;52780;1
20492;41692;1
63452;10522;1
43392;13891;1
56692;46740;1
54046;38887;1
82362;10640;1
8479;32020;1
79037;79679;1
61445;56300;1
77743;78088;1
78945;78945;1
79037;79037;1
80613;54670;1
47831;49119;1
59892;42974;1
59892;41629;1
59892;70910;1
61484;79877;1
82388;32169;1
19247;57028;1
15946;15946;1
64336;69822;1
79422;46740;1
723;46893;1
42463;42463;1
70169;70169;1
55122;32243;1
65807;39767;1
40665;62762;1
70169;38626;1
27325;10462;1
23977;28175;1
56354;80795;1
58525;16368;1
82477;37532;1
82478;15906;1
41237;27607;1
56883;27583;1
70169;14582;1
29781;74855;1
82502;212;1
70169;33386;1
70169;65521;1
82515;21254;1
4879;4879;1
4879;28175;1
82517;13518;1
14055;41658;1
82530;10462;1
70169;73363;1
78788;46893;1
82540;16148;1
51492;38284;1
70169;13450;2
82549;82549;1
36967;41266;1
27325;63516;1
16890;39198;1
82577;23470;1
82587;74441;1
56716;46433;1
14055;13686;1
82601;46740;1
82602;46433;1
51492;50365;1
78379;14434;1
82613;28868;1
29781;82603;1
27665;82609;1
70169;82518;1
6613;32860;1
6550;82609;1
70169;69644;1
61484;69644;1
80447;12202;1
71246;39198;1
82638;82638;1
76273;8338;1
78935;201;1
71246;28213;1
82603;82603;2
82661;32243;1
77470;15906;1
77470;40240;1
77470;2533;1
32669;13518;1
42814;27916;1
10273;12473;1
70169;82603;1
80554;58589;1
75648;21254;1
65767;67161;1
42171;57368;1
9091;43706;1
27157;78376;1
70169;82697;1
64906;57610;1
40665;75507;1
46315;20618;1
79698;16753;1
74946;74946;4
64887;21560;2
32144;8820;1
6613;38791;1
82741;14384;1
82743;69646;1
70169;82375;1
7919;82459;1
7919;65767;1
42214;49105;1
32356;26800;1
70169;173;1
65901;28868;1
82766;82766;1
3257;69822;1
70169;60636;1
3257;65767;1
3257;70073;1
82781;21560;1
82781;793;1
47831;31434;1
43497;50727;1
79231;58789;1
55122;51937;1
82810;16236;1
82812;26800;1
32144;57082;1
56790;50146;1
79133;49780;1
39387;6403;1
63303;37986;1
5230;29206;1
82852;15064;1
82856;7812;1
33603;82854;1
70169;;1
70169;21690;1
70169;16050;1
82869;44256;1
79777;34036;1
71246;77360;1
70169;1127;1
82893;51878;1
32144;38657;1
70169;30238;1
71246;22080;1
82902;42904;1
27572;46740;1
82916;51129;1
82930;6403;1
82922;82922;1
60424;24792;1
76258;17208;1
78935;51141;1
70169;82778;1
82908;82908;1
82963;41149;1
78935;82933;1
76816;13518;1
83015;16148;1
83025;46309;1
51492;38538;1
8752;82979;1
18289;83031;1
83041;20618;1
74384;24895;1
63844;39461;1
37763;97;1
79659;82983;1
83052;26409;1
78935;44519;1
82983;82983;1
83070;9488;1
83073;50406;1
67412;8820;1
59029;9465;1
55122;83097;1
83096;8841;1
9638;50146;1
53575;53575;1
83112;40879;1
83114;13833;1
71246;43921;1
7919;83051;1
71246;44015;1
71246;26085;1
71246;49700;1
17543;21560;1
60555;45804;1
26991;8820;1
25470;14384;1
14443;895;1
27157;14200;1
83160;8944;1
75385;83124;1
50897;66177;1
32144;42681;1
30693;60945;1
77428;10462;1
83210;33466;1
71420;13518;1
53116;67135;1
83226;83226;1
64381;21560;1
45556;65323;1
83238;26955;1
60055;77714;1
83249;65323;1
65323;65323;1
46719;58384;1
83267;15064;1
32144;32908;1
29575;75702;1
39130;13330;1
18298;843;1
16758;20655;1
43497;16236;1
51492;61261;1
35436;192;1
35436;44683;1
78896;45076;1
83290;40540;1
82044;58789;1
80370;59429;1
29400;23811;1
83304;41658;1
83084;28175;1
75435;20655;1
44939;68136;1
83328;10114;1
83329;793;1
25594;53157;1
83333;70803;1
83335;44637;1
76883;83271;1
10372;43921;1
51290;69248;1
50959;76032;1
812;22012;1
71246;39706;1
53812;83331;1
64935;45184;1
40665;54115;1
40665;38608;1
64381;44808;1
23759;61225;1
83200;67602;1
54620;58384;1
40665;83378;1
75435;88;1
40665;12206;1
83444;38672;1
30075;83438;1
40853;10990;1
71246;64998;1
30805;45616;1
44714;46433;1
83242;20618;1
40665;83422;1
83482;97;1
61884;2653;1
40665;12515;2
83504;38472;1
83369;24423;1
21323;51141;1
83541;33476;1
83544;14999;1
56573;31434;1
83556;49517;1
16938;32860;1
843;50406;1
71420;57429;1
65781;68136;1
71330;43200;1
70169;83589;1
83599;793;1
64465;2653;1
40665;46740;1
15514;30359;1
82987;51714;1
83615;8820;1
43077;29891;1
70520;65323;1
82280;82280;1
56692;793;1
64465;721;1
51492;13686;1
39130;13736;1
39130;29891;1
43392;10462;1
20618;8820;1
80005;80005;1
78935;69535;1
78935;66003;1
78935;71383;1
20517;15148;1
67465;63548;1
67465;46375;1
33652;16162;1
83737;8409;1
75024;67605;1
67516;69963;1
69316;13518;1
58965;8820;1
83759;21690;1
51969;4695;1
51969;42187;1
71246;33603;1
83761;49914;1
83761;51301;1
67412;62752;1
64887;12496;1
75738;75738;1
25345;47557;1
65776;50146;1
17257;24742;1
17257;42622;1
54801;54801;2
83792;14150;1
51969;83794;1
10640;38657;1
83804;16148;1
17257;44101;1
75435;1151;1
8752;60945;1
83084;49697;1
867;25837;1
867;83794;1
83833;23305;1
29781;78837;1
52520;83663;1
83663;83663;1
14265;14007;1
14265;26800;1
83853;42926;1
50472;45507;1
41193;64363;1
71246;65767;1
46107;83860;1
83584;10462;1
40336;58789;1
79833;58433;1
83876;8820;1
83860;83860;1
51094;83860;1
41193;83860;1
6550;83860;1
17438;54046;1
83914;30359;1
75863;49067;1
71246;43958;1
83921;67733;1
28903;79863;1
64465;33338;1
67806;8820;1
83945;83951;1
83964;20544;1
60193;56593;1
71989;31434;1
76258;37986;1
79160;27616;1
76273;51125;1
83956;83956;1
83911;83907;1
71246;49278;1
83951;83951;1
40665;12619;1
52171;59087;1
26440;23600;1
55122;56748;1
75435;59087;1
80833;9257;1
4849;15064;1
68043;28668;1
51290;56922;1
77875;57429;1
84040;16148;1
84045;9802;1
14560;53833;1
8752;71952;1
84075;18682;1
83143;71952;1
32075;44668;1
78935;43714;1
57688;793;1
31873;15412;1
40474;51787;1
63781;32429;1
52171;21560;1
52236;21560;1
76883;31388;1
75435;10462;1
5243;45450;1
10640;63516;1
84129;41219;1
52864;46740;1
75670;38657;1
71989;39854;1
84143;13915;1
84143;12533;1
30075;70836;1
43469;26872;1
79343;57091;1
84160;11097;1
52520;9011;1
82699;67605;1
6433;6433;1
60945;60945;1
80734;793;1
64981;75418;1
37114;13450;1
7919;83860;1
29430;20544;1
39652;20635;1
68921;21254;1
51290;43514;1
78935;43077;2
84257;52206;1
76917;78160;1
84285;13686;1
70690;44456;1
78935;20618;1
69440;24885;1
54764;54875;1
39751;39751;1
31186;25867;1
24394;45766;1
24394;45892;1
17543;14434;1
66783;28562;1
84368;10462;1
83671;15064;1
51290;42945;1
80406;84391;2
84391;84391;2
84271;33510;1
69440;83540;1
75030;33519;1
56692;9465;1
51775;50956;1
76883;62521;1
84415;84415;1
9805;13518;1
84421;62670;1
84426;8409;1
17543;30238;1
69440;32230;1
67321;793;1
54087;6403;1
54087;50727;1
84449;31671;1
78935;43193;1
83143;71246;1
57787;43193;1
51290;21560;1
81994;79195;1
66406;45679;1
78935;79195;1
84507;8774;1
31219;21254;1
31219;84391;1
31219;83540;1
31219;83791;1
31219;71246;1
31219;20618;2
70169;20429;1
82780;84391;1
84527;39331;1
68686;19212;1
83911;77933;1
14055;8820;1
28903;10879;1
78935;44429;1
54046;24245;1
84553;20618;1
50769;97;1
51839;68313;1
84560;793;1
84560;16807;1
84560;8820;2
84560;21560;1
84560;28175;1
84560;41000;1
84561;8820;1
25345;15197;1
58341;19212;1
58341;71246;1
56703;10640;1
51290;54541;1
84598;27767;1
84603;23600;1
29781;80241;2
60193;44204;1
17310;17310;1
84633;16148;1
52089;63471;1
28415;44256;1
17320;20544;1
41662;23710;1
8563;13450;1
84655;53989;1
84503;44256;1
84560;18632;1
79133;33386;1
24292;77210;1
67584;26;1
84671;8960;1
84671;70097;1
53627;989;1
40350;44204;1
84680;60351;1
71246;58510;1
84711;17310;1
84708;71952;1
13110;53001;1
84718;52390;1
56354;76265;1
84721;52852;1
58514;33970;1
41662;51322;1
79133;10462;1
68446;44456;1
68446;51129;1
57493;45916;1
84757;84757;1
65901;31446;1
78421;15064;1
40781;23305;1
40964;14909;1
25470;13672;1
58341;73740;1
8597;13833;1
37098;57082;1
44032;67605;1
84806;46740;1
58341;80071;1
68686;71383;1
5243;53279;1
84389;13672;1
10640;43769;1
84791;20635;1
75435;51369;1
84874;11074;1
31219;53994;1
71246;;1
15822;84530;1
84879;52390;1
76883;79025;1
84891;84875;1
84891;84640;1
82780;82780;1
84909;44256;1
84912;50863;1
84917;38091;1
83084;16244;1
83084;78966;1
83084;52994;1
71246;40182;1
29781;30099;1
84891;84942;1
29781;24885;1
84949;73114;1
60284;43141;1
84282;10975;1
60424;9465;1
3257;53994;1
11006;44256;1
84974;227;1
84974;84;1
84974;8820;1
68443;12557;1
39012;27607;1
27423;46740;1
7919;20618;1
7919;84391;1
7919;13809;1
7919;26800;1
75435;2504;1
84988;84988;1
62993;8820;1
85028;793;1
85029;13450;1
71246;82195;1
29781;84822;1
71246;43309;2
71246;8517;1
71246;75559;1
84641;793;1
71246;82217;1
71246;50406;1
71246;79729;1
85060;21560;1
68921;50440;1
53943;60636;1
85069;15412;1
85068;85068;1
60193;33603;1
84801;15064;1
5354;41058;1
84791;61225;1
16338;28175;1
84891;83578;1
79295;35847;1
85143;84822;1
85143;76265;1
85148;17310;1
84891;75124;1
71246;49228;1
71246;54571;1
83473;83473;1
77138;14393;1
85078;82640;1
85165;20618;1
43000;83406;1
85148;3054;1
83084;58789;1
83084;28834;1
24662;65027;1
83084;37585;1
56573;13518;1
85207;5246;1
85207;79845;1
84891;85136;1
44195;1151;1
68686;80774;1
69121;69121;1
85222;85222;1
53916;75418;1
70921;;1
9091;838;1
85185;45907;1
85241;39331;1
83084;847;1
85246;76336;1
37098;50247;1
56573;41487;1
61188;51129;1
9135;2653;1
24662;41058;1
47485;31399;1
59620;59620;1
61214;13518;1
61216;50247;1
56573;9465;1
10183;13518;1
37420;58283;1
13171;46120;1
59907;8820;1
13171;31260;1
61226;29897;1
50929;45804;1
59921;52852;1
61241;8820;1
3443;12515;1
61247;793;1
58728;17772;1
58728;6451;1
58728;27685;1
61302;45133;1
61309;8820;1
58536;58536;1
53940;41807;1
61346;21560;1
52250;41807;1
61365;61261;1
61366;25936;1
43631;50146;1
61377;793;1
61377;32011;1
61270;61077;1
61415;39461;1
61421;43878;1
57509;97;1
54046;13686;1
60026;16865;1
61261;61261;3
60381;54292;1
60022;14360;1
14070;42069;1
57493;45610;1
45709;13809;1
12844;;1
44658;59372;1
61527;10915;1
21804;24946;1
35644;23710;1
61537;20655;1
33759;59909;1
5230;20884;1
49454;33728;1
51682;28208;1
61567;44483;1
60701;16148;1
61576;32230;1
61345;61577;1
61345;227;1
61345;989;1
61585;16148;1
61589;21254;1
52106;21560;1
61612;61612;1
61617;21560;1
17443;29911;1
61628;16096;1
61633;31810;1
20816;21560;1
61637;14384;1
29781;47403;1
47485;20407;1
3257;32148;1
29400;97;1
17020;13518;1
28035;41807;1
61669;14684;1
26788;54236;1
61675;61675;1
57509;8009;1
61676;35697;1
57783;58552;1
47340;21198;1
52089;61713;1
61580;37172;1
54236;54236;1
43077;46639;1
30084;12533;1
26261;29912;1
61676;61676;1
60381;45610;1
10620;24651;1
5257;9766;1
54390;23710;1
61771;11;1
41655;8820;1
61789;1151;1
61793;15412;1
61798;46317;1
23579;179;1
24281;16368;1
29781;38734;1
61842;61744;1
28523;5246;1
3090;15664;1
56699;21560;1
50870;9011;1
60821;2507;1
61894;23305;1
40274;1406;1
43077;60080;1
57493;8145;1
61942;50449;1
30084;54579;1
30084;900;1
42882;56339;1
61967;41807;1
28175;41658;1
38655;44502;1
13100;5091;1
44456;97;1
35644;14007;1
53648;53648;1
61997;51125;1
61902;34165;1
59393;1151;1
60972;49697;1
62018;38306;1
33768;51002;1
41591;50451;1
62046;19058;1
26788;61887;1
57731;51129;3
10640;21586;1
62066;1151;1
62071;62071;1
45610;13450;1
62077;61880;1
62076;61880;1
62081;61880;1
61880;62077;2
62082;62077;1
61880;62082;1
62082;62082;1
21450;42325;1
62077;62077;1
62077;62082;1
62097;1406;1
62081;62082;1
62105;22080;1
18619;18619;1
62077;62106;1
62082;62081;1
62082;61880;1
62111;1406;1
8501;35698;1
57740;11124;1
28492;20933;1
57434;26800;1
61396;12527;1
57434;23644;1
57434;43077;2
61396;227;1
61396;908;1
62136;13508;1
62142;21560;1
62156;41807;1
61880;62159;1
60972;13809;1
1048;8820;1
23134;21560;1
44990;29353;1
62169;56246;1
62179;158;1
50870;5203;1
62181;88;1
56346;1133;1
62191;54658;1
60555;44768;1
51722;20544;1
57434;54837;1
51836;44204;1
21378;3054;1
61253;10462;1
14070;37986;1
28156;61368;1
43514;2723;1
62253;26612;1
14976;8820;1
62107;62107;1
6567;9465;1
39074;12202;1
30931;28175;1
62264;;1
32192;42622;1
32192;26659;1
61188;40665;1
62284;24392;1
62284;23262;1
41348;13518;1
8820;61952;1
58465;30359;1
13517;14999;1
46315;50406;1
28175;57731;1
44456;7812;1
44343;47279;1
50769;18058;1
62314;22012;1
62327;37932;1
62333;9465;1
61756;61756;1
16982;793;1
23803;20618;1
62360;23304;1
32006;20618;1
32006;52476;1
57538;50689;1
45107;32875;1
62385;13518;1
62389;158;1
62394;35549;1
35644;62386;1
35644;45945;1
25042;33856;1
62409;12515;1
54855;62107;1
61366;29957;1
51369;39854;1
2481;5342;1
47485;29217;1
62381;62381;1
62381;62423;1
62451;17614;1
62463;16148;1
62466;17484;1
59734;25698;1
57434;53467;1
57434;39081;1
57434;20544;2
57434;54801;1
57434;32569;1
19261;13736;1
62486;5143;1
61366;26675;1
61880;61880;1
42517;25394;1
44456;62368;1
62179;13686;1
13517;53575;1
20429;793;1
57493;61658;1
61270;13809;1
62522;12350;1
62525;12202;1
14976;50795;1
62534;8820;1
61731;13736;1
61731;29498;1
50642;32860;1
62551;26408;1
62559;30376;1
62565;52844;1
62569;10462;1
61241;28175;1
62565;54968;1
46374;9053;1
61936;46107;1
51094;21560;1
51094;26;1
30296;62615;1
35399;15148;1
62644;34253;1
58632;58231;1
43473;11;1
43473;32192;1
44456;58231;1
59921;43532;1
59921;21560;1
62666;43878;1
10620;59758;1
62667;53361;1
29781;49717;1
29781;54968;1
17020;97;1
29781;53986;1
53597;51209;1
53597;58306;1
14421;49411;1
59439;51733;1
57458;34017;1
62641;45237;1
24858;24883;1
21519;62673;1
51836;1151;1
58965;46740;1
3043;14904;1
62703;434;1
56476;97;1
62713;4836;1
44083;10462;1
62721;36935;1
62722;43681;1
14070;32543;1
60841;26163;1
62739;728;1
62747;46780;1
62747;12202;1
14976;49105;1
14976;49752;1
12953;45804;1
51836;6465;1
51836;33058;1
62569;16236;1
14445;33519;1
62565;40659;1
28175;843;1
54289;8820;1
53453;53453;1
19261;35479;1
38315;2979;1
14976;26202;1
39322;44680;1
39255;51141;1
5279;13450;1
62828;2893;1
57493;57975;1
28175;21560;1
37796;15064;1
14976;23477;1
16982;6465;1
14976;51051;1
51775;728;1
52171;890;1
33605;2507;1
62858;56655;1
33605;17332;1
62861;48968;1
37098;50727;1
58264;843;1
32963;49105;1
47788;42904;1
30075;23334;1
62895;27992;1
62898;45963;1
54868;43921;1
62569;13672;1
56699;588;1
32963;57871;2
812;16050;1
31219;62641;1
5279;26019;1
62920;10462;1
29865;36935;1
51129;57731;1
13729;58384;1
62887;62887;1
26365;53675;1
62974;17404;1
10389;8820;1
62985;35420;1
52816;1151;1
42409;17318;1
59321;2647;1
61023;84;1
52480;84;1
44456;46640;1
54087;97;1
20711;28544;1
20589;793;1
5279;54670;1
63053;236;1
43077;32628;1
982;34017;1
62924;63043;1
54868;51129;1
5256;44328;1
10843;21560;1
63120;26902;1
63122;46712;1
62951;59947;1
24550;19261;1
10620;54046;1
63135;8820;1
62121;3044;1
31514;97;1
63155;39461;1
35644;59484;1
35644;35644;1
62106;62106;1
62106;62077;2
62077;62423;1
62077;62076;1
62423;62106;1
62423;62082;1
26261;16148;1
41959;21560;1
62898;16865;1
42402;34089;1
50769;15613;1
63198;8820;1
57090;49916;1
62846;41204;1
25042;23710;1
2818;45191;1
63221;9988;1
63227;57434;1
50541;52106;1
25781;21254;2
63250;43077;1
31219;12443;1
31219;8820;2
31219;62887;1
31219;19261;1
31219;54046;1
51836;30137;1
33759;63262;1
62451;34165;1
54599;32398;1
63298;989;1
63303;37186;1
62451;27330;1
25345;11124;1
58409;38339;1
63320;13450;1
63323;8820;1
32832;20544;1
14421;14421;1
41766;17978;1
61895;23644;1
58965;16024;1
5279;;1
25035;13518;1
3407;26800;1
29781;49274;1
29781;21451;1
25035;21992;1
10118;23496;1
63382;5043;1
49795;33603;1
63315;201;1
63401;1151;1
61880;63004;1
35856;1151;1
52106;12496;1
63409;8517;1
32453;63262;1
39387;16807;1
28175;63430;1
35644;61080;1
17004;8820;1
62828;8820;1
62847;41979;1
42610;30653;1
31296;9465;1
51052;53731;1
57434;63328;1
51670;33323;1
14918;12515;1
33377;40665;1
33138;33138;1
63474;38306;1
63480;8820;1
53810;10462;1
63486;27916;1
29781;63489;1
29781;7715;1
63489;63489;1
63500;45018;1
61731;38637;1
63504;43517;1
63505;295;1
46481;52356;1
63486;38887;1
54289;793;1
63514;15180;1
33163;58849;1
57434;6465;1
62082;63004;1
63522;8820;1
28066;63527;1
28066;49700;1
26583;27958;1
49682;13891;1
49682;2979;1
56521;17907;1
63544;21254;1
37420;51829;1
63558;14070;1
17489;8820;1
32988;17907;1
63573;13518;1
58498;16244;1
50969;59087;1
40077;25359;1
63544;44483;1
63607;8820;1
63004;62082;1
63004;62106;1
63004;62077;1
63004;61880;1
47340;35544;1
50833;8820;1
56981;28175;1
63650;12202;1
56904;8560;1
62569;52902;1
62569;21560;1
63693;5184;1
17489;16807;1
63698;13450;1
63700;23600;1
9629;44256;1
31219;28175;1
31219;54044;1
31219;63004;1
31219;63328;1
63708;41297;1
63710;836;1
57434;26797;1
31704;13891;1
63714;793;1
57434;37648;1
57434;51125;1
63715;14357;1
63715;2533;1
35645;21560;1
50870;843;1
50541;43605;1
57813;26701;1
51290;49017;1
62846;33323;1
62982;58315;1
23803;28175;1
50870;35549;1
28492;13518;1
63759;14393;1
52459;40665;1
41406;26800;1
60669;16148;1
28175;55142;1
52300;8820;1
52300;13809;1
41771;20544;1
63798;2916;1
51094;721;1
63809;13027;1
63820;49119;1
44343;27347;1
60887;2653;1
63618;63618;1
63844;12350;1
59921;33386;1
14671;45058;1
58549;122;1
63868;63867;1
63876;8820;1
39502;8820;1
53382;122;1
39000;32850;1
63897;19212;1
52300;39854;1
31704;14684;1
63838;13518;1
52526;59518;1
63923;59518;1
31209;27741;1
31209;54395;1
31209;13891;1
26908;32860;1
63942;24719;1
26788;13915;1
63960;26659;1
63969;8820;2
63982;14007;1
57898;11;1
43725;49700;1
43725;58736;1
43725;61077;1
43725;54118;1
43725;54420;1
43725;17310;1
43725;63652;1
43725;63328;1
43725;42325;1
43725;56923;1
43725;57757;1
43725;53278;2
43725;44305;1
43725;63618;1
43725;59025;1
43725;57554;1
43725;49737;1
3443;17330;1
46296;10462;1
45709;4767;1
27665;64011;1
47831;42953;1
51836;20618;1
19040;33704;1
43472;62938;1
64055;6403;1
50795;44256;1
64065;5246;1
30495;39461;1
44945;10171;1
49992;12515;1
64089;97;1
31219;64011;1
31219;64046;1
5354;97;1
53812;64106;1
53812;14293;1
53812;53025;1
52008;41807;1
58008;39851;1
64126;64126;1
63844;21560;1
43762;26800;1
58008;23262;1
45699;10462;1
23977;17484;1
64150;8820;1
54289;16236;1
62530;64126;1
64170;49697;1
64171;989;1
2818;50622;1
7840;21560;1
64191;15064;1
64193;21690;1
54580;13518;1
45699;14999;1
63844;10522;1
57493;8820;1
56703;15664;1
64218;53279;1
64220;11141;1
23614;6598;1
53812;64011;1
53745;62725;1
49682;21254;1
64228;63611;1
57434;64046;1
46358;8820;1
57434;11124;1
64249;6598;1
63838;21560;1
59244;27369;1
64263;30170;1
35644;16148;1
51670;13023;1
29131;62252;1
63573;25429;1
8501;13518;1
49686;17310;1
57434;51129;1
64307;8643;1
57434;21024;1
13755;37986;1
4729;45610;1
31704;;1
28175;54541;1
64329;20719;1
201;28175;1
58557;28175;1
64342;8409;1
46358;15533;1
27665;46358;1
64146;56593;1
53382;39854;1
56326;13154;1
64379;8820;1
44432;28175;1
57090;39580;1
57090;30170;1
64398;15064;1
53046;63189;1
64405;28175;1
1331;53083;1
26259;28175;1
64426;45821;1
45203;2750;1
40260;28175;1
64440;28175;1
64448;49752;1
2818;27706;1
64450;3167;1
53812;28542;1
29848;41968;1
14955;39461;1
57434;8820;1
868;50146;1
64159;13736;1
31219;51129;1
58324;227;1
57076;57076;1
53812;64494;1
54868;40665;1
57090;;1
64515;28175;1
57090;29204;1
57090;45578;1
34149;40388;1
45918;58308;1
45071;40182;1
57434;29109;1
57434;27002;1
61261;52780;1
53812;57724;1
53812;64302;1
64541;29952;1
49248;17696;1
60584;51129;1
41255;16964;1
77;13736;1
64567;122;1
53812;37330;1
64573;8820;1
50866;58905;1
64541;41777;1
64541;26493;1
64588;59706;1
64588;46980;1
64588;54670;1
64593;43681;1
64588;33058;1
64588;62664;1
43469;32860;1
64588;18227;1
64588;16050;1
64588;11097;1
64588;;1
17320;61027;1
34241;14487;1
17320;50835;1
51094;28175;2
64624;9793;1
50866;64588;1
50866;37461;1
25843;5203;1
57434;37461;2
57434;;1
64647;44101;1
64649;57825;1
64639;64639;1
64668;35549;1
64672;5044;1
64675;32110;1
64675;30170;1
56573;52820;1
62846;17208;1
17320;15430;1
49388;8820;1
62198;2653;1
64705;12377;1
57434;28599;1
57434;44637;1
57434;45183;1
64700;64700;1
45011;8820;1
64715;64715;1
64724;15064;1
53812;44319;1
64727;31988;1
18481;158;1
64735;16424;1
17406;8820;1
9629;20719;1
32963;50412;1
8752;64700;1
64762;33386;1
64785;37363;1
62114;37490;1
20868;6458;1
64792;16244;1
64800;21586;1
10612;44637;1
54289;28834;1
51836;37814;1
64820;59362;1
64821;890;1
54918;16096;1
35644;33279;1
64230;64715;1
58787;227;1
12903;28175;1
56256;42255;1
50243;8820;1
64868;33279;1
64878;41658;1
56573;34165;1
35645;21690;1
23977;890;1
64887;33603;1
58824;63932;1
28175;64895;1
24301;64895;1
64911;64895;1
64912;64895;1
32361;57082;1
64915;64895;1
64917;12312;1
64920;64895;1
58183;10462;1
64930;43141;1
64933;57082;1
61421;38636;1
28503;64895;1
2593;64895;1
62585;5342;1
64941;64895;1
64017;16050;1
26259;64895;1
17747;64895;1
64945;64895;1
64946;64895;1
64948;56947;1
2818;35420;1
64951;15064;1
38187;64895;1
64956;15064;1
64906;11097;1
13100;16024;1
6458;6458;1
64982;64895;1
64987;8820;1
64990;57925;1
64991;64895;1
64994;30693;1
64995;34267;1
42573;16096;1
21959;9388;1
65003;46429;1
52236;35420;1
65014;16244;1
64966;64966;1
38607;47528;1
1010;15664;1
50833;64895;1
35645;45271;1
10620;64854;1
10620;30754;1
10620;10462;1
54252;64895;1
33338;25772;1
62525;13672;1
35644;38506;1
38607;51129;1
21323;59595;1
38607;49697;1
673;52106;1
13100;59127;1
38655;57493;1
24550;64895;1
34265;8013;1
23614;65038;1
6567;40665;1
13382;8820;1
53812;65090;1
28175;27607;1
65107;44139;1
64509;6403;1
65065;14112;1
14671;8338;1
39644;8820;1
54563;49697;1
33163;56246;1
65149;15064;1
51388;26019;1
23159;65147;1
31219;64895;1
41794;64895;1
61498;97;2
61498;17565;1
61498;54395;1
61498;37736;1
61498;8820;1
43725;42060;1
54289;10462;1
16079;55025;1
16079;23644;1
53812;65157;1
3245;2893;1
3245;;1
3040;43141;1
65197;14200;1
65202;32042;1
44456;44429;1
51094;2533;1
51094;11097;1
63658;23600;1
61669;10462;1
64895;64895;1
7721;12377;1
31352;50405;1
65253;44483;1
28175;24119;1
59586;59586;1
45610;13736;1
27150;32860;1
43497;45191;1
52864;13518;1
37796;17355;1
37796;16964;1
54887;20714;1
23803;16236;1
59345;37460;1
59345;9465;1
43077;61261;1
65301;18058;1
65309;1138;1
17320;53833;1
62565;15215;1
34304;13450;1
17320;52472;1
17320;16101;1
43469;26800;1
62157;50950;1
54046;46893;1
61793;20618;1
50168;33386;1
53694;58306;1
29958;8820;1
65274;41849;1
32181;8820;1
31239;8820;1
32167;32167;1
29648;8206;1
17557;793;1
30931;2725;1
12770;26202;1
29268;8820;1
32215;8320;1
32215;895;1
9738;227;1
17557;13809;1
28066;15064;1
28066;32167;1
7966;7966;1
31513;32198;1
32269;16236;1
31513;23377;1
16855;24795;1
30492;721;1
32327;30025;1
32071;2507;1
32335;26643;1
16379;32167;1
31513;15408;1
32369;8820;1
31513;30959;1
31513;32373;1
28175;19058;1
14360;26649;1
31513;84;1
32396;8820;1
32398;32398;1
30291;12580;1
31446;133;1
16855;16244;1
27768;29771;1
31513;23850;1
32445;989;1
29767;793;1
32454;8820;1
32462;21608;1
32464;25406;1
21804;24742;1
32518;14604;1
32528;25983;1
16866;847;1
31005;5203;1
32559;12378;1
13053;847;1
20614;13809;1
9659;16443;1
26239;8820;1
16379;32357;1
31045;31045;1
12515;27740;1
32582;16244;1
27142;26800;1
30795;890;1
32586;32586;1
32600;8820;2
20587;2723;1
8560;14487;1
21499;32169;1
32630;27135;1
28428;27938;1
32631;23120;1
31513;14048;1
32651;15064;1
32169;32169;1
32628;26800;1
15106;3314;1
28125;1406;1
9765;6469;1
32702;157;1
30931;12202;1
9351;9465;1
32712;3436;1
18641;17116;1
25042;2723;1
21959;30056;1
32742;8820;1
19113;3466;1
3443;21503;1
9659;23600;1
31513;21319;1
31513;6403;1
31513;26108;1
32426;32661;1
20588;8820;1
31998;12206;1
32759;13023;1
32582;9802;1
31513;3024;1
18217;26701;1
32779;97;1
32784;8820;1
32789;97;1
8432;13518;1
8432;14360;1
21545;12515;1
32799;8820;1
32801;19040;1
32803;989;1
24359;721;1
32832;13450;1
32840;11097;1
32841;16887;1
32843;793;1
812;5203;1
32846;16236;1
32857;721;1
32803;7873;1
32862;14946;1
32874;14716;1
9317;989;1
32892;4836;1
28681;30314;1
29482;16050;1
28915;14070;1
31117;22012;1
836;32913;1
32628;3615;1
32967;20974;1
17092;5211;1
32968;1127;1
9738;20635;1
9738;1127;1
32628;15303;1
32994;10462;1
26559;32913;1
21319;890;1
16263;14852;1
33033;33005;1
27031;19040;1
32230;27916;1
21995;5211;1
33049;13508;1
32963;32963;1
33062;16236;1
33065;20884;1
33070;14675;1
33071;989;1
33047;1047;1
8432;5342;1
3295;13518;1
13622;8820;1
33110;33110;1
32916;13450;1
28132;32916;1
28132;32860;1
17177;2723;1
33129;1097;1
28291;15430;1
9135;8478;1
21804;8644;1
33148;11097;1
32230;28937;2
30492;30492;1
1228;31434;1
1228;33072;1
32892;3250;1
27520;17699;1
8432;33168;1
17177;33176;1
17177;1021;1
33095;33095;1
32840;12377;1
33191;1151;1
2724;32628;1
33142;5342;1
23977;32169;1
33213;97;1
33213;133;2
23710;23710;1
23710;11124;1
29575;33020;1
33130;33005;1
17139;14895;1
25217;88;1
31998;5211;1
30816;33128;1
28514;2533;1
33100;30292;1
22012;23710;1
32230;30363;1
9659;16050;1
9805;793;1
30624;32266;1
15837;8820;1
33318;13165;1
30617;32266;1
30617;227;1
31219;227;1
31219;2533;1
633;88;1
33245;33245;3
28889;2653;1
33376;13450;1
33377;793;1
30617;2471;1
32805;14898;1
32230;23679;1
12812;32359;1
25138;30173;1
33398;721;1
33424;793;1
33432;33432;1
32230;5043;1
7884;16680;1
15527;32989;1
33459;18843;1
33463;1315;1
33468;21676;1
33468;9769;1
32269;10811;1
18313;12183;1
33494;13809;1
33494;8820;1
24166;8820;1
32230;31736;1
31736;25383;1
32230;33509;1
8541;12533;1
33509;33509;1
15697;8820;1
33542;19058;1
26788;24109;1
33377;8820;1
33574;13450;1
11007;5203;1
28889;10462;1
33376;;1
16914;2576;1
17177;33175;1
28889;2504;1
33542;27854;1
33630;1151;1
33648;663;1
33648;24980;1
33668;33668;1
33437;12533;1
16379;31736;1
16379;23679;1
16379;33392;1
33678;31457;1
7950;8820;1
33705;33614;1
33258;118;1
33753;32901;1
28415;30227;1
8563;15064;1
32392;33614;1
30805;15624;1
2663;8820;1
28889;8409;1
23977;21337;1
23977;23262;1
33806;13518;1
33810;16050;1
33827;721;1
33835;1151;1
31047;8820;1
33858;21560;1
4805;8820;1
33862;5043;1
33865;16753;1
14560;97;1
33872;10531;1
33872;21560;1
18983;28881;1
33876;8820;1
31219;17310;1
24733;227;1
33891;16148;1
33900;33603;1
33905;33905;1
33071;8820;1
18313;15402;1
16379;33637;1
32906;32906;1
31659;1406;1
33922;33922;1
34009;16680;1
34011;16148;1
33953;33954;1
10620;17947;1
10620;27916;1
34081;97;1
34091;8820;1
8214;1127;1
4715;18306;1
34096;227;1
34096;8037;1
34099;15847;1
12210;793;1
34100;890;1
34106;13915;1
27916;8820;1
17092;8820;1
34149;31063;1
10620;27526;1
10241;32148;1
34164;1406;1
31219;34036;1
31219;17305;1
31219;33948;1
31219;13809;1
31219;434;1
16611;34037;1
34185;97;2
34202;989;1
9135;34036;1
2629;5041;1
33459;97;1
24000;1151;1
28939;34036;1
27349;34036;1
31998;32860;1
34072;33478;1
34264;10462;1
34267;34267;1
9253;8944;1
33019;33970;1
16680;14487;1
29641;32148;1
34278;14393;1
16680;23600;1
24000;34037;1
34302;793;1
31599;28860;1
14560;17696;1
7916;3167;1
34329;426;1
34334;793;1
34345;793;1
35358;14360;1
35365;14384;1
35368;8944;1
16680;8409;1
21634;8820;1
10740;26800;1
28915;8774;1
15412;28834;1
35428;26800;1
868;13413;1
16162;16244;1
33501;33907;1
35405;14909;1
31219;34037;1
35459;793;1
31704;21024;1
17177;30006;1
35479;18632;1
35479;23640;1
35496;30459;1
26044;28011;1
27325;456;1
35517;97;1
35526;2653;1
32968;10683;1
35540;13046;1
26329;26329;2
35554;8214;1
35559;989;1
29047;1097;1
15649;12947;1
30507;29128;1
30507;1131;1
18257;35461;1
31315;21560;1
31315;35484;1
35633;15946;1
35633;10201;1
35644;13809;1
35644;8820;2
31117;26847;1
35699;22012;1
2455;843;2
23224;8774;1
32840;16236;1
35754;8820;1
33290;9465;1
14017;29767;1
1331;5246;1
35795;24119;1
33338;793;1
13395;721;1
122;8820;1
22012;9465;1
24005;24005;1
550;32343;1
7919;13235;1
35624;16148;1
35871;3047;1
35880;97;1
35880;12533;1
35885;15946;1
3257;2653;1
35888;10114;1
35894;17987;1
27662;8820;1
13110;14357;1
35925;15533;1
12653;26800;1
36941;2972;1
36942;13154;1
36946;35420;1
35420;35420;2
36954;8774;1
30139;10907;1
33130;33130;1
36968;5342;1
36973;13068;1
36974;12473;1
36975;802;1
14904;88;1
32192;26800;1
10620;30464;1
15828;35549;1
15828;28241;1
29767;29767;1
30464;30464;1
19040;15064;1
2968;35549;1
15738;14909;1
4805;2854;1
37040;16096;1
31219;35812;1
836;32854;1
37022;37022;1
35823;1406;1
9765;5342;1
37092;5143;1
37098;20544;1
37099;31696;1
37099;456;1
16922;2661;1
30805;974;1
37124;5203;1
30805;9053;1
14976;3064;1
1029;13385;1
37200;906;1
37215;13518;1
37229;8820;1
13213;23710;1
37243;3250;1
37243;16236;1
9157;8206;1
33213;843;1
3057;23644;1
37273;10990;1
6577;9465;1
35722;11141;1
37279;26214;1
37286;227;1
37286;29767;1
32230;37225;1
22012;37225;1
35645;97;1
14070;843;1
34036;16148;1
30507;5143;1
37121;2643;1
31279;13154;1
31219;37153;1
37388;28685;1
21471;8820;1
23251;27616;1
26811;18843;1
16379;35698;1
37414;30900;1
5055;10462;1
22009;26800;1
37430;24119;1
2701;20600;1
37300;37300;1
37445;1264;1
37455;4736;1
32503;16236;1
37455;13809;1
9540;10462;1
29670;1406;1
24025;23710;1
10066;8820;1
32655;5041;1
37526;1151;1
16487;8820;1
30507;3044;1
37536;227;1
35644;37483;1
836;37548;1
37559;23480;1
37571;37571;1
35644;8409;1
37121;10462;1
36974;10462;1
25742;37571;1
37608;721;1
37610;27938;1
37512;37512;1
17538;34110;1
20463;27607;1
8432;8013;1
8432;227;1
30507;9856;1
30507;1133;1
30507;227;1
16648;12515;1
31219;32637;1
31219;26;1
31219;14895;1
37630;17318;1
20343;13450;1
37687;26800;2
37690;21560;1
17310;23865;1
18983;13154;1
16401;24153;1
106;5211;1
37728;32628;1
37736;20544;1
37736;37648;1
13110;9941;1
37691;22012;1
31417;13736;1
37727;37727;1
28175;20327;1
13087;14029;1
14955;2507;1
10602;37571;1
10602;16244;1
4766;5043;1
35537;684;1
19040;13027;1
8432;37548;1
8432;26856;1
37814;37814;1
37823;26800;1
23620;1315;1
37548;37678;1
37548;29767;1
37844;22012;1
37848;37847;1
37849;33476;1
8432;31599;1
37852;13736;1
37844;23710;1
25781;13154;1
25781;2504;1
37875;989;1
37881;28868;1
33738;32169;1
8432;33816;1
28175;31599;1
37902;37883;1
13213;37548;2
13213;35930;1
13017;26163;1
5307;15064;1
37844;11097;1
37953;989;1
31219;26856;1
31219;793;2
15106;8774;1
37987;26800;1
21959;434;1
38003;38003;1
381;32280;1
37736;33338;1
38033;16148;1
38034;16244;1
9672;13809;1
9672;30835;1
21433;21560;1
38060;97;1
22012;10879;1
38078;17081;1
37844;16244;1
15738;26800;1
15738;20544;1
21634;13023;1
6649;11097;1
38104;11097;1
13213;13809;1
9936;11097;1
26259;11097;1
21959;11097;1
37844;1426;1
21434;11097;1
33338;33338;1
21634;16964;1
24305;11097;1
38166;900;1
13034;5043;1
13034;35910;1
9812;11097;1
18053;12438;1
36968;2798;1
36968;1047;1
36968;2861;1
5256;11097;1
34080;8820;1
21959;37571;1
37844;26800;1
38240;11097;1
5358;8820;1
28291;97;1
38281;10462;1
27224;21560;1
31219;11097;1
31219;8432;1
33738;14360;1
13100;10500;1
13100;15192;1
13100;13323;1
8501;3436;1
38326;2790;1
29095;97;1
37878;34028;1
37844;13023;1
9314;38327;1
30507;802;1
30507;12377;1
30507;23644;1
30507;917;1
38320;33728;1
11061;11124;1
11061;38101;1
11061;38107;1
9970;14007;1
38399;16148;1
11061;721;1
33738;28384;1
11061;97;1
33738;34165;1
33738;32357;1
24770;989;1
1289;32424;1
38055;8820;1
26329;13686;1
23803;28937;1
381;38440;1
20913;10314;1
20372;34165;1
32402;721;1
1188;20585;1
38486;88;1
38476;38476;1
1005;5143;1
26700;20544;1
38503;11097;1
8541;14487;1
38523;38523;1
20327;26;1
26394;38538;1
26725;26856;1
38548;2883;1
8222;12448;1
38538;38538;1
17613;9197;1
23474;14604;1
386;38460;1
37215;2854;1
30139;38523;1
1354;13450;1
1354;11097;1
38585;8820;1
38587;8820;1
38584;38584;1
26044;20618;1
38593;38593;1
33738;12448;1
33738;18418;1
33738;28317;1
33738;21560;1
38608;38608;1
38613;14384;1
3040;26;1
38632;8820;1
18306;38581;1
38641;33886;1
25781;843;1
29575;4841;1
37844;14007;1
38655;10810;2
38656;28213;1
25781;31072;1
37844;14684;1
8634;8820;1
33886;33886;1
37844;25115;1
1354;275;1
32303;14644;1
32762;32762;1
38701;10990;1
27144;32762;1
38711;13809;1
29575;8820;1
38725;97;1
38729;5342;1
31086;34165;1
38731;28868;1
33738;38538;1
38742;38523;1
38749;17116;1
38720;38723;1
38720;32762;1
38757;227;1
38757;989;1
8820;38395;1
29767;23600;1
35569;227;1
16338;793;1
35554;16244;1
38804;12202;1
37844;21319;1
47557;47557;1
47565;33519;1
29781;21319;1
21163;47568;1
47078;21767;1
2629;33716;1
26463;4836;1
21163;37822;1
30077;39974;1
18794;16443;1
29781;20635;1
47625;8820;1
18289;13518;1
28492;23710;1
40853;41807;1
17020;3024;1
17020;403;1
37014;41968;1
47681;23773;1
24550;45821;1
27665;23710;1
31219;37793;1
47701;434;1
47701;10314;1
41907;728;1
35644;21560;1
28175;26643;1
24000;32288;1
29575;47623;1
28175;47724;1
37113;37760;1
35644;122;1
47731;20884;1
28175;32288;1
33598;17208;1
47749;26643;1
35644;8338;1
35644;27559;1
46645;45271;1
47771;793;1
42983;40388;1
47781;8820;3
47781;23790;1
47781;18632;1
643;24696;1
47784;8820;1
28175;25183;1
47797;12206;1
29781;3433;1
32480;9595;1
29781;44484;1
14519;47557;1
32453;9461;1
46645;40665;1
29781;33057;2
47825;23710;1
29781;47557;1
47831;45804;1
47827;97;1
47837;890;1
28175;47835;1
29781;47844;1
10640;8820;1
47792;47792;1
40152;9465;1
29781;39982;1
16680;39851;1
16680;227;1
30372;33728;1
47896;37736;1
812;38734;1
47908;28350;1
47909;46104;1
40152;8820;1
31316;10810;1
24550;47557;1
47831;12515;1
24552;15064;1
29781;46886;1
47948;8860;1
47788;27607;1
10640;14372;1
48969;48969;1
18077;322;1
34256;39331;1
6433;11097;1
28594;11097;1
20327;41977;1
44456;47867;1
14246;16148;1
39968;20635;1
49022;21998;1
49034;5184;1
40853;27740;1
49038;18632;1
40196;8820;1
40196;15412;1
28175;28384;1
49017;33728;1
29958;728;1
5279;17618;1
49053;14044;1
5279;44453;1
5279;47425;1
5279;9497;1
5279;41491;1
5279;16816;1
26261;25188;1
43469;25983;1
28175;41297;1
35644;2893;1
49087;2653;1
30805;8338;1
29781;49088;1
49106;9465;1
49117;16236;1
555;17318;1
10640;434;1
10640;10314;1
21537;227;1
28175;28175;1
28175;20544;1
23614;10500;1
46242;21560;1
23614;6433;1
10620;49114;1
10620;49088;1
29781;37822;1
49233;1151;1
29781;24532;1
29781;47923;1
29781;27108;1
10620;49228;1
49248;8820;1
27108;27108;1
49254;3250;1
49105;49105;1
16510;30227;1
43077;49259;1
49289;37736;1
25696;25696;1
49270;25696;1
24792;20618;1
3257;13518;1
32237;12515;1
49308;49308;1
28175;10522;1
40162;40162;1
40853;49058;1
30805;12363;1
30805;8643;1
49290;44543;1
28175;47730;1
16866;17619;1
16866;29345;1
49290;12350;1
43031;15613;1
28175;49358;1
43661;17081;1
5230;28834;1
49290;49290;1
49374;12515;1
13736;31434;1
8560;13179;1
14918;17036;1
28175;15801;1
28175;13179;1
47099;10345;1
44453;44453;1
5257;8774;1
5257;11044;1
27039;10437;1
30826;13736;1
43539;32860;1
40853;836;1
12210;2883;1
26259;38506;1
45973;684;1
45973;7922;1
24960;10462;1
27893;3281;1
28175;47359;1
28175;27814;1
49448;843;1
49471;13450;1
49473;37736;1
49476;15693;1
27250;49290;1
16213;23614;1
49493;8820;1
27031;37986;1
49501;13809;1
49503;227;1
28175;13155;1
28175;33312;1
35927;41557;1
30805;14684;1
8560;43061;1
49565;1330;1
17010;158;1
49589;3466;1
49472;35454;1
10620;49226;1
28175;49598;1
45431;49119;1
45071;1127;1
49623;3167;1
24550;27583;1
49638;122;1
41476;40370;1
44243;793;1
49662;4719;1
44429;31434;1
37607;37507;1
35668;16148;1
28175;8409;1
23614;33838;1
28175;49667;1
6411;49604;1
49686;14684;1
13100;10810;1
12527;13145;1
49454;32169;1
28175;49780;1
46800;12473;1
49725;26800;1
24552;16148;1
49747;8944;1
34207;17305;1
49434;15325;1
23614;41929;1
28175;32882;1
31776;27607;1
28175;29206;1
49771;49097;1
33198;33198;1
28175;8820;2
29781;41626;1
28175;49770;1
49800;31879;1
49801;24119;1
49804;17727;1
44089;13441;1
24818;28175;1
30805;2750;1
30805;35508;1
49724;20544;1
41062;35910;1
49826;49826;1
32655;21560;1
47448;25970;1
28175;49787;1
28175;43967;1
289;8820;1
49333;47011;1
31526;97;1
32381;754;1
32381;2507;1
47338;41297;1
35554;21560;1
49870;14652;1
5256;32860;1
43967;8820;1
49454;45216;1
40152;22012;1
30805;20974;1
32006;26163;1
27767;32429;1
49906;27010;1
49604;49604;1
49914;49914;2
46505;49878;1
46963;14895;1
24550;21691;1
49936;890;1
49936;12350;1
33128;33128;1
39495;21254;1
14070;2489;1
30084;10462;1
31526;9362;1
10620;49963;1
49970;25289;1
49982;26872;1
49992;8820;1
50001;16103;1
10740;37986;1
27191;16310;1
37113;37113;1
37113;2507;1
50012;1151;1
50022;3024;1
50029;793;1
44089;47465;1
43408;49752;1
27250;49963;1
50040;14560;1
30084;13562;1
49991;31075;1
47002;12515;1
43606;13518;1
24162;10972;1
50073;20618;1
50056;50056;1
49914;39854;1
924;49914;1
43237;8820;1
49914;50074;1
50093;2723;1
50103;21560;1
43408;12515;1
50125;3064;1
50132;201;1
43077;50106;1
49985;3167;1
50149;17116;1
16866;20618;1
21163;50039;1
21163;17539;1
50190;16050;1
50194;5211;1
50195;227;1
46505;10972;1
46505;49780;1
24883;33637;1
44456;50018;1
49226;227;1
49226;663;1
50215;15664;1
50215;3615;1
21163;24883;1
50245;97;1
14070;16179;1
21163;50242;1
21513;227;1
50253;39896;1
13565;16096;1
14457;14339;1
50147;33966;1
35644;50238;1
40866;22034;1
33872;14150;1
50305;84;1
33872;15664;1
49914;20590;2
6618;2653;1
47163;15905;1
47163;20590;2
47163;49700;1
47163;32220;1
45077;49914;1
25984;43865;1
16213;46754;1
32075;14560;1
17343;30006;1
50296;39331;1
10620;44389;1
31219;13165;1
31219;26800;1
31219;2854;1
31219;10972;1
31219;37776;1
31219;49700;1
31219;49963;1
46463;7750;1
41266;7750;1
44456;50352;1
46338;14070;1
49914;46055;1
43469;44389;1
50348;989;1
14070;24259;1
50410;37736;1
50413;15412;1
26934;13686;1
50428;50428;1
50442;37736;1
16180;38306;1
50443;15064;1
50448;16683;1
9123;50440;1
12490;50449;1
49985;39198;1
38793;28175;1
27003;47380;1
27003;21433;1
40853;43680;1
50465;50433;1
50466;;1
2481;227;1
21163;9618;1
18451;31434;1
18451;20308;1
49914;25183;1
50485;37814;1
43563;895;1
50495;989;1
50382;33198;1
45594;16148;1
38655;47149;1
38655;25766;1
32402;50256;1
50515;50515;1
35644;40426;1
15808;843;1
43077;31006;1
50546;8820;1
28175;37475;1
50552;16148;1
26759;989;1
32958;44299;1
50557;14604;1
49985;39830;1
28175;41929;1
50589;843;1
25583;17484;1
38548;15613;1
16213;38395;1
40365;8820;1
28175;17484;1
50607;33171;1
40073;37432;1
50291;9540;1
50625;33838;1
50626;28834;1
50366;989;1
13977;50217;1
26394;4767;1
50605;50605;1
31219;97;1
32958;4767;1
24550;50354;1
45838;39580;1
49985;50532;1
50679;6606;1
50682;16244;1
50685;8524;1
24550;50674;1
30661;15325;1
43725;50532;1
24550;50491;1
24550;50352;1
40853;21433;1
30405;9465;1
29998;10584;1
45758;28658;1
45758;16887;1
50735;31260;1
50732;50732;1
50674;50674;1
50755;227;1
50758;8820;1
50762;12580;1
50769;15064;1
30661;27607;1
50772;20298;1
35490;88;1
50778;15412;1
50789;47724;1
50790;15064;1
50783;50783;1
50797;8820;1
50727;23305;1
50727;32095;1
50814;14360;1
50814;33728;1
50819;16236;1
50820;50820;1
50823;8820;1
50842;5143;1
50843;10462;1
13457;8820;1
49686;33603;1
50727;43846;1
50859;35420;1
963;50412;1
16213;47948;1
50870;41490;1
50874;10947;1
43077;41204;1
50884;16096;1
9257;50146;1
44195;15412;1
44456;2533;1
9257;11033;1
37585;37585;1
26261;2854;1
28175;50146;1
28175;50238;1
9257;47412;1
50902;9793;1
47488;49441;1
45701;227;1
45701;721;1
45701;24005;1
50920;20655;1
50921;42069;1
32381;3250;1
3257;21560;1
3257;890;1
38655;16964;1
28175;39423;1
28175;43077;1
50947;10810;1
50685;50685;1
10620;50805;1
